onset	duration	RECORDING_SESSION_LABEL	CURRENT_FIX_ADJUSTED	CURRENT_FIX_INTEREST_AREA_ID	CURRENT_FIX_START	SentenceID	SentenceRT	TRUEOffset	TRUEOnset
#VALUE!	83	S3009_5	FALSE	.	7	.	.	.	.
19477	2	S3009_5	TRUE	8	0	t.04.01	3782	23259	19477
19750	125	S3009_5	TRUE	.	273	t.04.01	3782	23259	19477
19939	95	S3009_5	TRUE	3	462	t.04.01	3782	23259	19477
20061	155	S3009_5	TRUE	2	584	t.04.01	3782	23259	19477
20245	473	S3009_5	TRUE	1	768	t.04.01	3782	23259	19477
20741	221	S3009_5	TRUE	2	1264	t.04.01	3782	23259	19477
21148	43	S3009_5	TRUE	2	1671	t.04.01	3782	23259	19477
21197	53	S3009_5	TRUE	2	1720	t.04.01	3782	23259	19477
21549	43	S3009_5	TRUE	3	2072	t.04.01	3782	23259	19477
21608	249	S3009_5	TRUE	4	2131	t.04.01	3782	23259	19477
21879	179	S3009_5	TRUE	6	2402	t.04.01	3782	23259	19477
22081	177	S3009_5	TRUE	7	2604	t.04.01	3782	23259	19477
22288	194	S3009_5	TRUE	9	2811	t.04.01	3782	23259	19477
22504	119	S3009_5	TRUE	11	3027	t.04.01	3782	23259	19477
22842	164	S3009_5	TRUE	11	3365	t.04.01	3782	23259	19477
23051	154	S3009_5	TRUE	8	3574	t.04.01	3782	23259	19477
24847	65	S3009_5	FALSE	3	153	t.04.02	2687	27381	24694
24935	145	S3009_5	FALSE	2	241	t.04.02	2687	27381	24694
25092	120	S3009_5	FALSE	1	398	t.04.02	2687	27381	24694
25244	328	S3009_5	FALSE	5	550	t.04.02	2687	27381	24694
25580	154	S3009_5	FALSE	4	886	t.04.02	2687	27381	24694
25763	129	S3009_5	FALSE	7	1069	t.04.02	2687	27381	24694
26159	153	S3009_5	FALSE	8	1465	t.04.02	2687	27381	24694
26331	229	S3009_5	FALSE	9	1637	t.04.02	2687	27381	24694
26576	252	S3009_5	FALSE	9	1882	t.04.02	2687	27381	24694
26849	215	S3009_5	FALSE	11	2155	t.04.02	2687	27381	24694
27080	143	S3009_5	FALSE	11	2386	t.04.02	2687	27381	24694
27270	203	S3009_5	FALSE	5	2576	t.04.02	2687	27381	24694
#VALUE!	4	S3009_5	FALSE	.	40	.	.	.	.
#VALUE!	27	S3009_5	FALSE	.	59	.	.	.	.
28727	8	S3009_5	FALSE	1	0	t.04.03	2471	31198	28727
28765	186	S3009_5	FALSE	2	38	t.04.03	2471	31198	28727
28969	175	S3009_5	FALSE	1	242	t.04.03	2471	31198	28727
29176	150	S3009_5	FALSE	3	449	t.04.03	2471	31198	28727
29345	159	S3009_5	FALSE	4	618	t.04.03	2471	31198	28727
29529	140	S3009_5	FALSE	6	802	t.04.03	2471	31198	28727
29917	104	S3009_5	FALSE	6	1190	t.04.03	2471	31198	28727
30040	212	S3009_5	FALSE	7	1313	t.04.03	2471	31198	28727
30269	250	S3009_5	FALSE	8	1542	t.04.03	2471	31198	28727
30544	94	S3009_5	FALSE	10	1817	t.04.03	2471	31198	28727
30916	63	S3009_5	FALSE	6	2189	t.04.03	2471	31198	28727
31012	269	S3009_5	FALSE	5	2285	t.04.03	2471	31198	28727
#VALUE!	78	S3009_5	FALSE	.	7	.	.	.	.
32610	205	S3009_5	TRUE	.	0	t.04.04	2363	34973	32610
32831	156	S3009_5	TRUE	1	221	t.04.04	2363	34973	32610
33011	227	S3009_5	TRUE	2	401	t.04.04	2363	34973	32610
33273	203	S3009_5	TRUE	3	663	t.04.04	2363	34973	32610
33484	30	S3009_5	TRUE	3	874	t.04.04	2363	34973	32610
33533	154	S3009_5	TRUE	5	923	t.04.04	2363	34973	32610
33925	31	S3009_5	TRUE	.	1315	t.04.04	2363	34973	32610
34005	29	S3009_5	TRUE	7	1395	t.04.04	2363	34973	32610
34325	78	S3009_5	TRUE	8	1715	t.04.04	2363	34973	32610
34419	370	S3009_5	TRUE	8	1809	t.04.04	2363	34973	32610
34837	228	S3009_5	TRUE	5	2227	t.04.04	2363	34973	32610
#VALUE!	81	S3009_5	FALSE	.	7	.	.	.	.
36394	198	S3009_5	FALSE	2	0	t.04.05	3004	39398	36394
36606	113	S3009_5	FALSE	1	212	t.04.05	3004	39398	36394
36738	203	S3009_5	FALSE	2	344	t.04.05	3004	39398	36394
36960	82	S3009_5	FALSE	4	566	t.04.05	3004	39398	36394
37313	197	S3009_5	FALSE	5	919	t.04.05	3004	39398	36394
37531	186	S3009_5	FALSE	9	1137	t.04.05	3004	39398	36394
37737	270	S3009_5	FALSE	10	1343	t.04.05	3004	39398	36394
38029	121	S3009_5	FALSE	10	1635	t.04.05	3004	39398	36394
38635	575	S3009_5	FALSE	10	2241	t.04.05	3004	39398	36394
39222	168	S3009_5	FALSE	10	2828	t.04.05	3004	39398	36394
39419	79	S3009_5	FALSE	9	3025	t.04.05	3004	39398	36394
#VALUE!	61	S3009_5	FALSE	.	7	.	.	.	.
40828	180	S3009_5	FALSE	2	1	t.04.06	2419	43246	40827
41028	239	S3009_5	FALSE	2	201	t.04.06	2419	43246	40827
41287	112	S3009_5	FALSE	1	460	t.04.06	2419	43246	40827
41642	74	S3009_5	FALSE	2	815	t.04.06	2419	43246	40827
41739	241	S3009_5	FALSE	3	912	t.04.06	2419	43246	40827
42005	208	S3009_5	FALSE	4	1178	t.04.06	2419	43246	40827
42234	342	S3009_5	FALSE	6	1407	t.04.06	2419	43246	40827
42593	63	S3009_5	FALSE	7	1766	t.04.06	2419	43246	40827
42888	96	S3009_5	FALSE	7	2061	t.04.06	2419	43246	40827
42994	335	S3009_5	FALSE	9	2167	t.04.06	2419	43246	40827
45007	102	S3009_5	TRUE	1	347	t.04.07	2616	47276	44660
45134	137	S3009_5	TRUE	1	474	t.04.07	2616	47276	44660
45292	121	S3009_5	TRUE	2	632	t.04.07	2616	47276	44660
45438	235	S3009_5	TRUE	4	778	t.04.07	2616	47276	44660
45693	216	S3009_5	TRUE	4	1033	t.04.07	2616	47276	44660
45932	92	S3009_5	TRUE	5	1272	t.04.07	2616	47276	44660
46260	124	S3009_5	TRUE	.	1600	t.04.07	2616	47276	44660
46400	225	S3009_5	TRUE	6	1740	t.04.07	2616	47276	44660
46648	192	S3009_5	TRUE	8	1988	t.04.07	2616	47276	44660
46853	227	S3009_5	TRUE	9	2193	t.04.07	2616	47276	44660
47097	190	S3009_5	TRUE	9	2437	t.04.07	2616	47276	44660
48744	183	S3009_5	TRUE	.	34	t.04.08	3305	52015	48710
48942	216	S3009_5	TRUE	1	232	t.04.08	3305	52015	48710
49179	178	S3009_5	TRUE	2	469	t.04.08	3305	52015	48710
49387	160	S3009_5	TRUE	3	677	t.04.08	3305	52015	48710
49559	103	S3009_5	TRUE	3	849	t.04.08	3305	52015	48710
49925	67	S3009_5	TRUE	3	1215	t.04.08	3305	52015	48710
50014	210	S3009_5	TRUE	4	1304	t.04.08	3305	52015	48710
50247	110	S3009_5	TRUE	5	1537	t.04.08	3305	52015	48710
50610	117	S3009_5	TRUE	.	1900	t.04.08	3305	52015	48710
50735	216	S3009_5	TRUE	7	2025	t.04.08	3305	52015	48710
50970	174	S3009_5	TRUE	8	2260	t.04.08	3305	52015	48710
51160	113	S3009_5	TRUE	8	2450	t.04.08	3305	52015	48710
51535	113	S3009_5	TRUE	8	2825	t.04.08	3305	52015	48710
51667	222	S3009_5	TRUE	9	2957	t.04.08	3305	52015	48710
51910	216	S3009_5	TRUE	11	3200	t.04.08	3305	52015	48710
53639	305	S3009_5	FALSE	1	179	t.04.09	2788	56248	53460
53973	218	S3009_5	FALSE	3	513	t.04.09	2788	56248	53460
54210	150	S3009_5	FALSE	4	750	t.04.09	2788	56248	53460
54613	74	S3009_5	FALSE	4	1153	t.04.09	2788	56248	53460
54719	177	S3009_5	FALSE	6	1259	t.04.09	2788	56248	53460
55160	145	S3009_5	FALSE	8	1700	t.04.09	2788	56248	53460
55333	296	S3009_5	FALSE	9	1873	t.04.09	2788	56248	53460
55640	196	S3009_5	FALSE	11	2180	t.04.09	2788	56248	53460
55853	127	S3009_5	FALSE	12	2393	t.04.09	2788	56248	53460
56226	137	S3009_5	FALSE	12	2766	t.04.09	2788	56248	53460
57825	186	S3009_5	FALSE	.	115	t.04.10	2808	60518	57710
58035	230	S3009_5	FALSE	3	325	t.04.10	2808	60518	57710
58285	222	S3009_5	FALSE	4	575	t.04.10	2808	60518	57710
58527	154	S3009_5	FALSE	5	817	t.04.10	2808	60518	57710
58706	190	S3009_5	FALSE	7	996	t.04.10	2808	60518	57710
59127	233	S3009_5	FALSE	8	1417	t.04.10	2808	60518	57710
59379	194	S3009_5	FALSE	9	1669	t.04.10	2808	60518	57710
59593	94	S3009_5	FALSE	10	1883	t.04.10	2808	60518	57710
59935	105	S3009_5	FALSE	12	2225	t.04.10	2808	60518	57710
60057	205	S3009_5	FALSE	12	2347	t.04.10	2808	60518	57710
60281	343	S3009_5	FALSE	13	2571	t.04.10	2808	60518	57710
#VALUE!	85	S3009_5	FALSE	.	7	.	.	.	.
61960	13	S3009_5	TRUE	.	0	t.04.11	3260	65220	61960
62253	36	S3009_5	TRUE	1	293	t.04.11	3260	65220	61960
62310	138	S3009_5	TRUE	1	350	t.04.11	3260	65220	61960
62468	227	S3009_5	TRUE	2	508	t.04.11	3260	65220	61960
62716	183	S3009_5	TRUE	5	756	t.04.11	3260	65220	61960
62917	181	S3009_5	TRUE	5	957	t.04.11	3260	65220	61960
63117	109	S3009_5	TRUE	7	1157	t.04.11	3260	65220	61960
63471	197	S3009_5	TRUE	8	1511	t.04.11	3260	65220	61960
63686	309	S3009_5	TRUE	8	1726	t.04.11	3260	65220	61960
64011	113	S3009_5	TRUE	10	2051	t.04.11	3260	65220	61960
64368	251	S3009_5	TRUE	11	2408	t.04.11	3260	65220	61960
64632	176	S3009_5	TRUE	12	2672	t.04.11	3260	65220	61960
64827	232	S3009_5	TRUE	13	2867	t.04.11	3260	65220	61960
65078	116	S3009_5	TRUE	14	3118	t.04.11	3260	65220	61960
#VALUE!	32	S3009_5	FALSE	.	7	.	.	.	.
66960	294	S3009_5	FALSE	1	301	t.04.12	3102	69761	66659
67279	407	S3009_5	FALSE	3	620	t.04.12	3102	69761	66659
67717	133	S3009_5	FALSE	4	1058	t.04.12	3102	69761	66659
67872	254	S3009_5	FALSE	5	1213	t.04.12	3102	69761	66659
68149	92	S3009_5	FALSE	7	1490	t.04.12	3102	69761	66659
68501	256	S3009_5	FALSE	6	1842	t.04.12	3102	69761	66659
68780	224	S3009_5	FALSE	8	2121	t.04.12	3102	69761	66659
69023	167	S3009_5	FALSE	9	2364	t.04.12	3102	69761	66659
69410	119	S3009_5	FALSE	11	2751	t.04.12	3102	69761	66659
69546	264	S3009_5	FALSE	11	2887	t.04.12	3102	69761	66659
#VALUE!	81	S3009_5	FALSE	.	7	.	.	.	.
71193	112	S3009_5	TRUE	.	0	t.04.13	2680	73873	71193
71326	211	S3009_5	TRUE	1	133	t.04.13	2680	73873	71193
71560	128	S3009_5	TRUE	3	367	t.04.13	2680	73873	71193
71911	68	S3009_5	TRUE	3	718	t.04.13	2680	73873	71193
72038	191	S3009_5	TRUE	5	845	t.04.13	2680	73873	71193
72250	233	S3009_5	TRUE	6	1057	t.04.13	2680	73873	71193
72502	246	S3009_5	TRUE	7	1309	t.04.13	2680	73873	71193
72767	96	S3009_5	TRUE	8	1574	t.04.13	2680	73873	71193
73117	128	S3009_5	TRUE	10	1924	t.04.13	2680	73873	71193
73261	182	S3009_5	TRUE	11	2068	t.04.13	2680	73873	71193
73461	171	S3009_5	TRUE	11	2268	t.04.13	2680	73873	71193
73647	90	S3009_5	TRUE	.	2454	t.04.13	2680	73873	71193
#VALUE!	83	S3009_5	FALSE	.	7	.	.	.	.
75309	208	S3009_5	FALSE	2	0	t.04.14	3452	78761	75309
75530	165	S3009_5	FALSE	2	221	t.04.14	3452	78761	75309
75715	193	S3009_5	FALSE	3	406	t.04.14	3452	78761	75309
75941	198	S3009_5	FALSE	4	632	t.04.14	3452	78761	75309
76160	117	S3009_5	FALSE	5	851	t.04.14	3452	78761	75309
76534	299	S3009_5	FALSE	3	1225	t.04.14	3452	78761	75309
76854	166	S3009_5	FALSE	4	1545	t.04.14	3452	78761	75309
77041	236	S3009_5	FALSE	5	1732	t.04.14	3452	78761	75309
77298	230	S3009_5	FALSE	.	1989	t.04.14	3452	78761	75309
77544	222	S3009_5	FALSE	7	2235	t.04.14	3452	78761	75309
77786	86	S3009_5	FALSE	9	2477	t.04.14	3452	78761	75309
78107	97	S3009_5	FALSE	10	2798	t.04.14	3452	78761	75309
78214	211	S3009_5	FALSE	10	2905	t.04.14	3452	78761	75309
78443	229	S3009_5	FALSE	11	3134	t.04.14	3452	78761	75309
#VALUE!	84	S3009_5	FALSE	.	7	.	.	.	.
80192	233	S3009_5	TRUE	.	0	t.04.15	3064	83256	80192
80443	184	S3009_5	TRUE	2	251	t.04.15	3064	83256	80192
80648	56	S3009_5	TRUE	3	456	t.04.15	3064	83256	80192
81228	71	S3009_5	TRUE	3	1036	t.04.15	3064	83256	80192
81329	162	S3009_5	TRUE	3	1137	t.04.15	3064	83256	80192
81529	205	S3009_5	TRUE	5	1337	t.04.15	3064	83256	80192
81752	148	S3009_5	TRUE	5	1560	t.04.15	3064	83256	80192
81924	107	S3009_5	TRUE	6	1732	t.04.15	3064	83256	80192
82272	123	S3009_5	TRUE	6	2080	t.04.15	3064	83256	80192
82431	334	S3009_5	TRUE	7	2239	t.04.15	3064	83256	80192
82782	192	S3009_5	TRUE	8	2590	t.04.15	3064	83256	80192
82987	84	S3009_5	TRUE	9	2795	t.04.15	3064	83256	80192
83305	51	S3009_5	TRUE	8	3113	t.04.15	3064	83256	80192
#VALUE!	11	S3009_5	FALSE	.	7	.	.	.	.
#VALUE!	131	S3009_5	FALSE	.	38	.	.	.	.
#VALUE!	9	S3009_5	FALSE	.	189	.	.	.	.
84792	205	S3009_5	TRUE	1	0	t.04.16	2822	87614	84792
85014	149	S3009_5	TRUE	1	222	t.04.16	2822	87614	84792
85189	211	S3009_5	TRUE	3	397	t.04.16	2822	87614	84792
85439	115	S3009_5	TRUE	5	647	t.04.16	2822	87614	84792
85826	58	S3009_5	TRUE	6	1034	t.04.16	2822	87614	84792
85892	30	S3009_5	TRUE	6	1100	t.04.16	2822	87614	84792
85941	399	S3009_5	TRUE	7	1149	t.04.16	2822	87614	84792
86362	88	S3009_5	TRUE	.	1570	t.04.16	2822	87614	84792
86748	452	S3009_5	TRUE	10	1956	t.04.16	2822	87614	84792
87215	479	S3009_5	TRUE	11	2423	t.04.16	2822	87614	84792
#VALUE!	84	S3009_5	FALSE	.	7	.	.	.	.
89042	102	S3009_5	TRUE	.	0	t.04.17	3338	92380	89042
89188	109	S3009_5	TRUE	4	146	t.04.17	3338	92380	89042
89319	207	S3009_5	TRUE	3	277	t.04.17	3338	92380	89042
89796	124	S3009_5	TRUE	3	754	t.04.17	3338	92380	89042
89969	21	S3009_5	TRUE	3	927	t.04.17	3338	92380	89042
90008	192	S3009_5	TRUE	4	966	t.04.17	3338	92380	89042
90229	212	S3009_5	TRUE	7	1187	t.04.17	3338	92380	89042
90454	164	S3009_5	TRUE	8	1412	t.04.17	3338	92380	89042
90869	70	S3009_5	TRUE	9	1827	t.04.17	3338	92380	89042
90948	211	S3009_5	TRUE	11	1906	t.04.17	3338	92380	89042
91177	152	S3009_5	TRUE	12	2135	t.04.17	3338	92380	89042
91581	330	S3009_5	TRUE	13	2539	t.04.17	3338	92380	89042
91927	142	S3009_5	TRUE	13	2885	t.04.17	3338	92380	89042
92374	94	S3009_5	TRUE	13	3332	t.04.17	3338	92380	89042
#VALUE!	78	S3009_5	FALSE	.	7	.	.	.	.
93842	234	S3009_5	TRUE	.	0	t.04.18	4989	98831	93842
94094	253	S3009_5	TRUE	.	252	t.04.18	4989	98831	93842
94382	101	S3009_5	TRUE	.	540	t.04.18	4989	98831	93842
94780	106	S3009_5	TRUE	4	938	t.04.18	4989	98831	93842
94901	301	S3009_5	TRUE	5	1059	t.04.18	4989	98831	93842
95212	250	S3009_5	TRUE	5	1370	t.04.18	4989	98831	93842
95485	107	S3009_5	TRUE	7	1643	t.04.18	4989	98831	93842
95821	342	S3009_5	TRUE	7	1979	t.04.18	4989	98831	93842
96181	374	S3009_5	TRUE	10	2339	t.04.18	4989	98831	93842
96578	165	S3009_5	TRUE	8	2736	t.04.18	4989	98831	93842
97203	298	S3009_5	TRUE	10	3361	t.04.18	4989	98831	93842
97524	202	S3009_5	TRUE	12	3682	t.04.18	4989	98831	93842
97990	338	S3009_5	TRUE	10	4148	t.04.18	4989	98831	93842
98358	85	S3009_5	TRUE	12	4516	t.04.18	4989	98831	93842
98463	214	S3009_5	TRUE	12	4621	t.04.18	4989	98831	93842
98697	247	S3009_5	TRUE	13	4855	t.04.18	4989	98831	93842
#VALUE!	36	S3009_5	FALSE	.	9	.	.	.	.
100588	264	S3009_5	TRUE	1	313	t.04.19	3161	103436	100275
100875	258	S3009_5	TRUE	4	600	t.04.19	3161	103436	100275
101156	71	S3009_5	TRUE	2	881	t.04.19	3161	103436	100275
101257	235	S3009_5	TRUE	.	982	t.04.19	3161	103436	100275
101519	83	S3009_5	TRUE	4	1244	t.04.19	3161	103436	100275
101611	68	S3009_5	TRUE	4	1336	t.04.19	3161	103436	100275
101733	68	S3009_5	TRUE	3	1458	t.04.19	3161	103436	100275
101826	91	S3009_5	TRUE	5	1551	t.04.19	3161	103436	100275
102568	25	S3009_5	TRUE	.	2293	t.04.19	3161	103436	100275
102633	207	S3009_5	TRUE	9	2358	t.04.19	3161	103436	100275
102852	152	S3009_5	TRUE	9	2577	t.04.19	3161	103436	100275
103050	142	S3009_5	TRUE	3	2775	t.04.19	3161	103436	100275
103214	103	S3009_5	TRUE	1	2939	t.04.19	3161	103436	100275
104907	242	S3009_5	FALSE	.	32	t.04.20	4321	109196	104875
105166	161	S3009_5	FALSE	2	291	t.04.20	4321	109196	104875
105349	254	S3009_5	FALSE	4	474	t.04.20	4321	109196	104875
105622	113	S3009_5	FALSE	6	747	t.04.20	4321	109196	104875
105997	113	S3009_5	FALSE	4	1122	t.04.20	4321	109196	104875
106380	207	S3009_5	FALSE	6	1505	t.04.20	4321	109196	104875
106609	276	S3009_5	FALSE	7	1734	t.04.20	4321	109196	104875
106917	223	S3009_5	FALSE	9	2042	t.04.20	4321	109196	104875
107186	154	S3009_5	FALSE	11	2311	t.04.20	4321	109196	104875
107349	235	S3009_5	FALSE	10	2474	t.04.20	4321	109196	104875
107849	68	S3009_5	FALSE	11	2974	t.04.20	4321	109196	104875
107933	232	S3009_5	FALSE	12	3058	t.04.20	4321	109196	104875
108188	200	S3009_5	FALSE	10	3313	t.04.20	4321	109196	104875
108407	273	S3009_5	FALSE	9	3532	t.04.20	4321	109196	104875
109077	182	S3009_5	FALSE	9	4202	t.04.20	4321	109196	104875
#VALUE!	53	S3009_5	FALSE	.	7	.	.	.	.
111178	138	S3009_5	TRUE	4	520	t.04.21	4653	115311	110658
111341	233	S3009_5	TRUE	3	683	t.04.21	4653	115311	110658
111585	198	S3009_5	TRUE	2	927	t.04.21	4653	115311	110658
111805	228	S3009_5	TRUE	4	1147	t.04.21	4653	115311	110658
112068	254	S3009_5	TRUE	6	1410	t.04.21	4653	115311	110658
112633	105	S3009_5	TRUE	6	1975	t.04.21	4653	115311	110658
112753	192	S3009_5	TRUE	7	2095	t.04.21	4653	115311	110658
112957	119	S3009_5	TRUE	7	2299	t.04.21	4653	115311	110658
113101	129	S3009_5	TRUE	9	2443	t.04.21	4653	115311	110658
113538	112	S3009_5	TRUE	.	2880	t.04.21	4653	115311	110658
113674	207	S3009_5	TRUE	11	3016	t.04.21	4653	115311	110658
113896	195	S3009_5	TRUE	.	3238	t.04.21	4653	115311	110658
114108	102	S3009_5	TRUE	12	3450	t.04.21	4653	115311	110658
114747	53	S3009_5	TRUE	.	4089	t.04.21	4653	115311	110658
114845	157	S3009_5	TRUE	12	4187	t.04.21	4653	115311	110658
115299	30	S3009_5	TRUE	7	4641	t.04.21	4653	115311	110658
116768	100	S3009_5	TRUE	1	27	t.04.22	4189	120930	116741
116936	57	S3009_5	TRUE	.	195	t.04.22	4189	120930	116741
117033	45	S3009_5	TRUE	2	292	t.04.22	4189	120930	116741
117104	204	S3009_5	TRUE	1	363	t.04.22	4189	120930	116741
117447	61	S3009_5	TRUE	1	706	t.04.22	4189	120930	116741
117551	66	S3009_5	TRUE	.	810	t.04.22	4189	120930	116741
117815	34	S3009_5	TRUE	.	1074	t.04.22	4189	120930	116741
118184	38	S3009_5	TRUE	.	1443	t.04.22	4189	120930	116741
118246	276	S3009_5	TRUE	2	1505	t.04.22	4189	120930	116741
118546	52	S3009_5	TRUE	4	1805	t.04.22	4189	120930	116741
118888	115	S3009_5	TRUE	5	2147	t.04.22	4189	120930	116741
119263	123	S3009_5	TRUE	5	2522	t.04.22	4189	120930	116741
119591	29	S3009_5	TRUE	5	2850	t.04.22	4189	120930	116741
119837	170	S3009_5	TRUE	5	3096	t.04.22	4189	120930	116741
120035	235	S3009_5	TRUE	6	3294	t.04.22	4189	120930	116741
120295	145	S3009_5	TRUE	8	3554	t.04.22	4189	120930	116741
120474	95	S3009_5	TRUE	.	3733	t.04.22	4189	120930	116741
120823	104	S3009_5	TRUE	1	4082	t.04.22	4189	120930	116741
120950	87	S3009_5	TRUE	.	4209	t.04.22	4189	120930	116741
#VALUE!	84	S3009_5	FALSE	.	7	.	.	.	.
122375	7	S3009_5	TRUE	.	0	t.04.23	4681	127056	122375
122438	145	S3009_5	TRUE	5	63	t.04.23	4681	127056	122375
122621	60	S3009_5	TRUE	1	246	t.04.23	4681	127056	122375
122711	191	S3009_5	TRUE	.	336	t.04.23	4681	127056	122375
122924	127	S3009_5	TRUE	2	549	t.04.23	4681	127056	122375
123293	65	S3009_5	TRUE	.	918	t.04.23	4681	127056	122375
123380	107	S3009_5	TRUE	3	1005	t.04.23	4681	127056	122375
123623	112	S3009_5	TRUE	4	1248	t.04.23	4681	127056	122375
123741	36	S3009_5	TRUE	4	1366	t.04.23	4681	127056	122375
123817	63	S3009_5	TRUE	5	1442	t.04.23	4681	127056	122375
123927	42	S3009_5	TRUE	.	1552	t.04.23	4681	127056	122375
123985	13	S3009_5	TRUE	.	1610	t.04.23	4681	127056	122375
124031	70	S3009_5	TRUE	6	1656	t.04.23	4681	127056	122375
124342	71	S3009_5	TRUE	.	1967	t.04.23	4681	127056	122375
124435	199	S3009_5	TRUE	8	2060	t.04.23	4681	127056	122375
124650	112	S3009_5	TRUE	8	2275	t.04.23	4681	127056	122375
125017	116	S3009_5	TRUE	8	2642	t.04.23	4681	127056	122375
125154	196	S3009_5	TRUE	10	2779	t.04.23	4681	127056	122375
125375	181	S3009_5	TRUE	8	3000	t.04.23	4681	127056	122375
125779	148	S3009_5	TRUE	7	3404	t.04.23	4681	127056	122375
125947	127	S3009_5	TRUE	8	3572	t.04.23	4681	127056	122375
126107	34	S3009_5	TRUE	.	3732	t.04.23	4681	127056	122375
126181	77	S3009_5	TRUE	.	3806	t.04.23	4681	127056	122375
126552	90	S3009_5	TRUE	8	4177	t.04.23	4681	127056	122375
126683	260	S3009_5	TRUE	6	4308	t.04.23	4681	127056	122375
126997	158	S3009_5	TRUE	2	4622	t.04.23	4681	127056	122375
#VALUE!	81	S3009_5	FALSE	.	7	.	.	.	.
128474	48	S3009_5	TRUE	1	0	t.04.24	4803	133277	128474
128575	136	S3009_5	TRUE	5	101	t.04.24	4803	133277	128474
128757	42	S3009_5	TRUE	2	283	t.04.24	4803	133277	128474
128833	142	S3009_5	TRUE	1	359	t.04.24	4803	133277	128474
129264	83	S3009_5	TRUE	2	790	t.04.24	4803	133277	128474
129361	252	S3009_5	TRUE	1	887	t.04.24	4803	133277	128474
129630	257	S3009_5	TRUE	2	1156	t.04.24	4803	133277	128474
129910	230	S3009_5	TRUE	3	1436	t.04.24	4803	133277	128474
130166	106	S3009_5	TRUE	5	1692	t.04.24	4803	133277	128474
130526	109	S3009_5	TRUE	.	2052	t.04.24	4803	133277	128474
130651	168	S3009_5	TRUE	6	2177	t.04.24	4803	133277	128474
130841	122	S3009_5	TRUE	8	2367	t.04.24	4803	133277	128474
131252	102	S3009_5	TRUE	9	2778	t.04.24	4803	133277	128474
131370	286	S3009_5	TRUE	10	2896	t.04.24	4803	133277	128474
131682	299	S3009_5	TRUE	8	3208	t.04.24	4803	133277	128474
132231	299	S3009_5	TRUE	8	3757	t.04.24	4803	133277	128474
132542	304	S3009_5	TRUE	8	4068	t.04.24	4803	133277	128474
132866	250	S3009_5	TRUE	8	4392	t.04.24	4803	133277	128474
133153	211	S3009_5	TRUE	10	4679	t.04.24	4803	133277	128474
#VALUE!	72	S3009_5	FALSE	.	7	.	.	.	.
134742	129	S3009_5	TRUE	3	34	t.04.25	2786	137494	134708
134900	36	S3009_5	TRUE	3	192	t.04.25	2786	137494	134708
134961	408	S3009_5	TRUE	2	253	t.04.25	2786	137494	134708
135391	214	S3009_5	TRUE	3	683	t.04.25	2786	137494	134708
135624	194	S3009_5	TRUE	4	916	t.04.25	2786	137494	134708
135841	180	S3009_5	TRUE	5	1133	t.04.25	2786	137494	134708
136042	167	S3009_5	TRUE	7	1334	t.04.25	2786	137494	134708
136225	37	S3009_5	TRUE	.	1517	t.04.25	2786	137494	134708
136286	82	S3009_5	TRUE	.	1578	t.04.25	2786	137494	134708
136399	42	S3009_5	TRUE	.	1691	t.04.25	2786	137494	134708
136729	127	S3009_5	TRUE	9	2021	t.04.25	2786	137494	134708
136872	175	S3009_5	TRUE	12	2164	t.04.25	2786	137494	134708
137062	187	S3009_5	TRUE	12	2354	t.04.25	2786	137494	134708
137267	78	S3009_5	TRUE	13	2559	t.04.25	2786	137494	134708
#VALUE!	84	S3009_5	FALSE	.	7	.	.	.	.
138924	2	S3009_5	FALSE	.	0	t.04.26	3352	142276	138924
139254	194	S3009_5	FALSE	1	330	t.04.26	3352	142276	138924
139469	323	S3009_5	FALSE	.	545	t.04.26	3352	142276	138924
139831	128	S3009_5	FALSE	2	907	t.04.26	3352	142276	138924
140343	58	S3009_5	FALSE	.	1419	t.04.26	3352	142276	138924
140711	387	S3009_5	FALSE	5	1787	t.04.26	3352	142276	138924
141125	251	S3009_5	FALSE	7	2201	t.04.26	3352	142276	138924
141390	166	S3009_5	FALSE	7	2466	t.04.26	3352	142276	138924
141574	130	S3009_5	FALSE	10	2650	t.04.26	3352	142276	138924
141990	383	S3009_5	FALSE	10	3066	t.04.26	3352	142276	138924
#VALUE!	84	S3009_5	FALSE	.	7	.	.	.	.
143707	234	S3009_5	TRUE	.	0	t.04.27	3310	147017	143707
143961	194	S3009_5	TRUE	1	254	t.04.27	3310	147017	143707
144177	376	S3009_5	TRUE	4	470	t.04.27	3310	147017	143707
144577	200	S3009_5	TRUE	5	870	t.04.27	3310	147017	143707
144794	224	S3009_5	TRUE	6	1087	t.04.27	3310	147017	143707
145137	66	S3009_5	TRUE	.	1430	t.04.27	3310	147017	143707
145467	21	S3009_5	TRUE	.	1760	t.04.27	3310	147017	143707
145495	157	S3009_5	TRUE	8	1788	t.04.27	3310	147017	143707
145668	357	S3009_5	TRUE	8	1961	t.04.27	3310	147017	143707
146034	129	S3009_5	TRUE	8	2327	t.04.27	3310	147017	143707
146185	186	S3009_5	TRUE	10	2478	t.04.27	3310	147017	143707
146606	77	S3009_5	TRUE	10	2899	t.04.27	3310	147017	143707
146697	181	S3009_5	TRUE	11	2990	t.04.27	3310	147017	143707
#VALUE!	16	S3009_5	FALSE	.	7	.	.	.	.
#VALUE!	44	S3009_5	FALSE	.	43	.	.	.	.
148441	190	S3009_5	TRUE	.	0	t.04.28	4022	152463	148441
148653	103	S3009_5	TRUE	.	212	t.04.28	4022	152463	148441
148777	51	S3009_5	TRUE	1	336	t.04.28	4022	152463	148441
148852	45	S3009_5	TRUE	.	411	t.04.28	4022	152463	148441
149228	247	S3009_5	TRUE	2	787	t.04.28	4022	152463	148441
149499	137	S3009_5	TRUE	3	1058	t.04.28	4022	152463	148441
149927	264	S3009_5	TRUE	.	1486	t.04.28	4022	152463	148441
150208	225	S3009_5	TRUE	3	1767	t.04.28	4022	152463	148441
150575	210	S3009_5	TRUE	5	2134	t.04.28	4022	152463	148441
150802	136	S3009_5	TRUE	6	2361	t.04.28	4022	152463	148441
151268	73	S3009_5	TRUE	.	2827	t.04.28	4022	152463	148441
151378	50	S3009_5	TRUE	7	2937	t.04.28	4022	152463	148441
151731	115	S3009_5	TRUE	.	3290	t.04.28	4022	152463	148441
151855	167	S3009_5	TRUE	8	3414	t.04.28	4022	152463	148441
152036	252	S3009_5	TRUE	9	3595	t.04.28	4022	152463	148441
152309	253	S3009_5	TRUE	10	3868	t.04.28	4022	152463	148441
174556	101	S3009_5	FALSE	.	99	.	.	178728	174457
174686	116	S3009_5	FALSE	2	229	.	.	178728	174457
174826	178	S3009_5	FALSE	.	369	.	.	178728	174457
175020	328	S3009_5	FALSE	.	563	.	.	178728	174457
175367	182	S3009_5	FALSE	.	910	.	.	178728	174457
175572	220	S3009_5	FALSE	.	1115	.	.	178728	174457
175830	117	S3009_5	FALSE	4	1373	.	.	178728	174457
176181	103	S3009_5	FALSE	.	1724	.	.	178728	174457
176307	164	S3009_5	FALSE	.	1850	.	.	178728	174457
176484	127	S3009_5	FALSE	7	2027	.	.	178728	174457
176665	228	S3009_5	FALSE	2	2208	.	.	178728	174457
177135	56	S3009_5	FALSE	8	2678	.	.	178728	174457
177220	289	S3009_5	FALSE	8	2763	.	.	178728	174457
177525	120	S3009_5	FALSE	13	3068	.	.	178728	174457
177669	127	S3009_5	FALSE	.	3212	.	.	178728	174457
178085	124	S3009_5	FALSE	.	3628	.	.	178728	174457
178221	30	S3009_5	FALSE	.	3764	.	.	178728	174457
178282	162	S3009_5	FALSE	12	3825	.	.	178728	174457
178743	72	S3009_5	FALSE	.	4286	.	.	178728	174457
178842	297	S3009_5	FALSE	.	4385	.	.	178728	174457
179149	152	S3009_5	FALSE	.	4692	.	.	178728	174457
179651	139	S3009_5	FALSE	17	45	.	.	185129	179606
180038	79	S3009_5	FALSE	.	432	.	.	185129	179606
180122	183	S3009_5	FALSE	1	516	.	.	185129	179606
180322	270	S3009_5	FALSE	.	716	.	.	185129	179606
180625	254	S3009_5	FALSE	.	1019	.	.	185129	179606
180902	185	S3009_5	FALSE	4	1296	.	.	185129	179606
181252	48	S3009_5	FALSE	.	1646	.	.	185129	179606
181508	67	S3009_5	FALSE	15	1902	.	.	185129	179606
181812	46	S3009_5	FALSE	14	2206	.	.	185129	179606
181881	244	S3009_5	FALSE	12	2275	.	.	185129	179606
182148	154	S3009_5	FALSE	15	2542	.	.	185129	179606
182355	242	S3009_5	FALSE	7	2749	.	.	185129	179606
182616	171	S3009_5	FALSE	9	3010	.	.	185129	179606
182807	117	S3009_5	FALSE	9	3201	.	.	185129	179606
183142	217	S3009_5	FALSE	10	3536	.	.	185129	179606
183414	141	S3009_5	FALSE	13	3808	.	.	185129	179606
183580	89	S3009_5	FALSE	.	3974	.	.	185129	179606
183929	57	S3009_5	FALSE	12	4323	.	.	185129	179606
184012	166	S3009_5	FALSE	12	4406	.	.	185129	179606
184430	46	S3009_5	FALSE	1	4824	.	.	185129	179606
184519	242	S3009_5	FALSE	15	4913	.	.	185129	179606
184785	251	S3009_5	FALSE	.	5179	.	.	185129	179606
185058	193	S3009_5	FALSE	14	5452	.	.	185129	179606
185525	182	S3009_5	FALSE	14	5919	.	.	185129	179606
#VALUE!	79	S3009_5	FALSE	.	7	.	.	.	.
186013	198	S3009_5	FALSE	.	23	.	.	189577	185990
186236	86	S3009_5	FALSE	.	246	.	.	189577	185990
186575	414	S3009_5	FALSE	.	585	.	.	189577	185990
187019	184	S3009_5	FALSE	.	1029	.	.	189577	185990
187223	192	S3009_5	FALSE	4	1233	.	.	189577	185990
187445	155	S3009_5	FALSE	6	1455	.	.	189577	185990
187821	171	S3009_5	FALSE	.	1831	.	.	189577	185990
188006	165	S3009_5	FALSE	9	2016	.	.	189577	185990
188189	98	S3009_5	FALSE	10	2199	.	.	189577	185990
188513	267	S3009_5	FALSE	5	2523	.	.	189577	185990
188802	176	S3009_5	FALSE	7	2812	.	.	189577	185990
189226	130	S3009_5	FALSE	.	3236	.	.	189577	185990
189370	67	S3009_5	FALSE	.	3380	.	.	189577	185990
189739	63	S3009_5	FALSE	.	3749	.	.	189577	185990
189809	67	S3009_5	FALSE	.	3819	.	.	189577	185990
189888	134	S3009_5	FALSE	1	3898	.	.	189577	185990
190051	94	S3009_5	FALSE	11	4061	.	.	189577	185990
#VALUE!	84	S3009_5	FALSE	.	7	.	.	.	.
190423	73	S3009_5	FALSE	16	0	.	.	194537	190423
190519	99	S3009_5	FALSE	13	96	.	.	194537	190423
190640	149	S3009_5	FALSE	1	217	.	.	194537	190423
191184	63	S3009_5	FALSE	.	761	.	.	194537	190423
191298	245	S3009_5	FALSE	.	875	.	.	194537	190423
191571	135	S3009_5	FALSE	5	1148	.	.	194537	190423
191966	138	S3009_5	FALSE	.	1543	.	.	194537	190423
192126	194	S3009_5	FALSE	8	1703	.	.	194537	190423
192337	97	S3009_5	FALSE	8	1914	.	.	194537	190423
192459	71	S3009_5	FALSE	9	2036	.	.	194537	190423
192805	63	S3009_5	FALSE	.	2382	.	.	194537	190423
192886	274	S3009_5	FALSE	12	2463	.	.	194537	190423
193213	144	S3009_5	FALSE	15	2790	.	.	194537	190423
193381	161	S3009_5	FALSE	14	2958	.	.	194537	190423
193798	117	S3009_5	FALSE	13	3375	.	.	194537	190423
193940	326	S3009_5	FALSE	13	3517	.	.	194537	190423
194300	196	S3009_5	FALSE	18	3877	.	.	194537	190423
194518	60	S3009_5	FALSE	17	4095	.	.	194537	190423
194613	94	S3009_5	FALSE	.	4190	.	.	194537	190423
194953	78	S3009_5	FALSE	.	4530	.	.	194537	190423
195052	61	S3009_5	FALSE	19	4629	.	.	194537	190423
#VALUE!	83	S3009_5	FALSE	.	7	.	.	.	.
195657	93	S3009_5	FALSE	27	251	.	.	202078	195406
195774	333	S3009_5	FALSE	.	368	.	.	202078	195406
196122	151	S3009_5	FALSE	.	716	.	.	202078	195406
196299	198	S3009_5	FALSE	.	893	.	.	202078	195406
196525	105	S3009_5	FALSE	7	1119	.	.	202078	195406
196908	122	S3009_5	FALSE	7	1502	.	.	202078	195406
197047	244	S3009_5	FALSE	6	1641	.	.	202078	195406
197302	31	S3009_5	FALSE	.	1896	.	.	202078	195406
197366	98	S3009_5	FALSE	.	1960	.	.	202078	195406
197570	52	S3009_5	FALSE	33	2164	.	.	202078	195406
197631	192	S3009_5	FALSE	21	2225	.	.	202078	195406
197858	147	S3009_5	FALSE	23	2452	.	.	202078	195406
198024	189	S3009_5	FALSE	11	2618	.	.	202078	195406
198237	47	S3009_5	FALSE	37	2831	.	.	202078	195406
198296	147	S3009_5	FALSE	12	2890	.	.	202078	195406
198461	146	S3009_5	FALSE	13	3055	.	.	202078	195406
198680	316	S3009_5	FALSE	3	3274	.	.	202078	195406
199030	83	S3009_5	FALSE	18	3624	.	.	202078	195406
199371	101	S3009_5	FALSE	19	3965	.	.	202078	195406
199498	342	S3009_5	FALSE	21	4092	.	.	202078	195406
199858	181	S3009_5	FALSE	21	4452	.	.	202078	195406
200057	313	S3009_5	FALSE	23	4651	.	.	202078	195406
200395	226	S3009_5	FALSE	26	4989	.	.	202078	195406
200876	66	S3009_5	FALSE	26	5470	.	.	202078	195406
200971	202	S3009_5	FALSE	23	5565	.	.	202078	195406
201198	320	S3009_5	FALSE	36	5792	.	.	202078	195406
201550	358	S3009_5	FALSE	38	6144	.	.	202078	195406
201947	148	S3009_5	FALSE	40	6541	.	.	202078	195406
202163	68	S3009_5	FALSE	3	6757	.	.	202078	195406
202493	79	S3009_5	FALSE	.	7087	.	.	202078	195406
#VALUE!	81	S3009_5	FALSE	.	7	.	.	.	.
203073	36	S3009_5	FALSE	.	0	.	.	205774	203073
203125	145	S3009_5	FALSE	.	52	.	.	205774	203073
203570	118	S3009_5	FALSE	.	497	.	.	205774	203073
203717	139	S3009_5	FALSE	.	644	.	.	205774	203073
203879	157	S3009_5	FALSE	.	806	.	.	205774	203073
204058	266	S3009_5	FALSE	.	985	.	.	205774	203073
204356	169	S3009_5	FALSE	7	1283	.	.	205774	203073
204547	101	S3009_5	FALSE	9	1474	.	.	205774	203073
204671	215	S3009_5	FALSE	10	1598	.	.	205774	203073
204929	233	S3009_5	FALSE	3	1856	.	.	205774	203073
205169	58	S3009_5	FALSE	3	2096	.	.	205774	203073
205244	84	S3009_5	FALSE	.	2171	.	.	205774	203073
205351	105	S3009_5	FALSE	11	2278	.	.	205774	203073
205734	90	S3009_5	FALSE	.	2661	.	.	205774	203073
206083	152	S3009_5	FALSE	14	3010	.	.	205774	203073
206257	94	S3009_5	FALSE	13	3184	.	.	205774	203073
#VALUE!	48	S3009_5	FALSE	.	145	.	.	.	.
206739	232	S3009_5	FALSE	.	0	.	.	212523	206739
206995	241	S3009_5	FALSE	.	256	.	.	212523	206739
207261	219	S3009_5	FALSE	.	522	.	.	212523	206739
207498	188	S3009_5	FALSE	.	759	.	.	212523	206739
207707	198	S3009_5	FALSE	.	968	.	.	212523	206739
207932	143	S3009_5	FALSE	6	1193	.	.	212523	206739
208107	89	S3009_5	FALSE	9	1368	.	.	212523	206739
208515	316	S3009_5	FALSE	7	1776	.	.	212523	206739
208855	452	S3009_5	FALSE	9	2116	.	.	212523	206739
209338	214	S3009_5	FALSE	6	2599	.	.	212523	206739
209573	79	S3009_5	FALSE	6	2834	.	.	212523	206739
209669	71	S3009_5	FALSE	.	2930	.	.	212523	206739
209770	208	S3009_5	FALSE	.	3031	.	.	212523	206739
210001	79	S3009_5	FALSE	.	3262	.	.	212523	206739
210107	104	S3009_5	FALSE	.	3368	.	.	212523	206739
210460	48	S3009_5	FALSE	.	3721	.	.	212523	206739
210533	286	S3009_5	FALSE	.	3794	.	.	212523	206739
210846	110	S3009_5	FALSE	11	4107	.	.	212523	206739
211190	80	S3009_5	FALSE	.	4451	.	.	212523	206739
211288	254	S3009_5	FALSE	.	4549	.	.	212523	206739
211842	397	S3009_5	FALSE	2	5103	.	.	212523	206739
212285	134	S3009_5	FALSE	.	5546	.	.	212523	206739
212441	109	S3009_5	FALSE	.	5702	.	.	212523	206739
212820	218	S3009_5	FALSE	.	6081	.	.	212523	206739
#VALUE!	85	S3009_5	FALSE	.	7	.	.	.	.
213372	94	S3009_5	FALSE	2	0	.	.	221320	213372
213766	22	S3009_5	FALSE	13	394	.	.	221320	213372
213816	335	S3009_5	FALSE	.	444	.	.	221320	213372
214165	153	S3009_5	FALSE	.	793	.	.	221320	213372
214344	133	S3009_5	FALSE	4	972	.	.	221320	213372
214722	165	S3009_5	FALSE	5	1350	.	.	221320	213372
214907	192	S3009_5	FALSE	7	1535	.	.	221320	213372
215116	189	S3009_5	FALSE	8	1744	.	.	221320	213372
215343	166	S3009_5	FALSE	10	1971	.	.	221320	213372
215759	344	S3009_5	FALSE	12	2387	.	.	221320	213372
216121	140	S3009_5	FALSE	11	2749	.	.	221320	213372
216315	289	S3009_5	FALSE	14	2943	.	.	221320	213372
216612	70	S3009_5	FALSE	.	3240	.	.	221320	213372
216708	132	S3009_5	FALSE	15	3336	.	.	221320	213372
217015	161	S3009_5	FALSE	.	3643	.	.	221320	213372
217198	106	S3009_5	FALSE	18	3826	.	.	221320	213372
217500	27	S3009_5	FALSE	.	4128	.	.	221320	213372
217770	234	S3009_5	FALSE	20	4398	.	.	221320	213372
218029	183	S3009_5	FALSE	22	4657	.	.	221320	213372
218267	178	S3009_5	FALSE	26	4895	.	.	221320	213372
218462	192	S3009_5	FALSE	27	5090	.	.	221320	213372
218671	228	S3009_5	FALSE	27	5299	.	.	221320	213372
218937	125	S3009_5	FALSE	28	5565	.	.	221320	213372
219325	53	S3009_5	FALSE	39	5953	.	.	221320	213372
219395	138	S3009_5	FALSE	29	6023	.	.	221320	213372
219554	192	S3009_5	FALSE	31	6182	.	.	221320	213372
219813	60	S3009_5	FALSE	.	6441	.	.	221320	213372
219908	78	S3009_5	FALSE	.	6536	.	.	221320	213372
220269	207	S3009_5	FALSE	33	6897	.	.	221320	213372
220491	90	S3009_5	FALSE	24	7119	.	.	221320	213372
220605	336	S3009_5	FALSE	24	7233	.	.	221320	213372
220965	82	S3009_5	FALSE	34	7593	.	.	221320	213372
221075	406	S3009_5	FALSE	36	7703	.	.	221320	213372
221504	86	S3009_5	FALSE	38	8132	.	.	221320	213372
221820	73	S3009_5	FALSE	.	8448	.	.	221320	213372
222406	71	S3009_5	FALSE	22	134	.	.	225870	222272
222784	97	S3009_5	FALSE	1	512	.	.	225870	222272
222908	140	S3009_5	FALSE	.	636	.	.	225870	222272
223065	130	S3009_5	FALSE	.	793	.	.	225870	222272
223231	312	S3009_5	FALSE	.	959	.	.	225870	222272
223580	93	S3009_5	FALSE	4	1308	.	.	225870	222272
223943	149	S3009_5	FALSE	.	1671	.	.	225870	222272
224113	195	S3009_5	FALSE	5	1841	.	.	225870	222272
224330	187	S3009_5	FALSE	6	2058	.	.	225870	222272
224541	166	S3009_5	FALSE	7	2269	.	.	225870	222272
224943	149	S3009_5	FALSE	11	2671	.	.	225870	222272
225146	225	S3009_5	FALSE	16	2874	.	.	225870	222272
225398	165	S3009_5	FALSE	19	3126	.	.	225870	222272
225586	119	S3009_5	FALSE	.	3314	.	.	225870	222272
226095	274	S3009_5	FALSE	18	3823	.	.	225870	222272
226389	60	S3009_5	FALSE	.	4117	.	.	225870	222272
#VALUE!	83	S3009_5	FALSE	.	7	.	.	.	.
226755	39	S3009_5	FALSE	.	0	.	.	232385	226755
227167	442	S3009_5	FALSE	.	412	.	.	232385	226755
227635	159	S3009_5	FALSE	4	880	.	.	232385	226755
227807	51	S3009_5	FALSE	.	1052	.	.	232385	226755
227891	97	S3009_5	FALSE	5	1136	.	.	232385	226755
228262	85	S3009_5	FALSE	14	1507	.	.	232385	226755
228376	100	S3009_5	FALSE	.	1621	.	.	232385	226755
228731	101	S3009_5	FALSE	.	1976	.	.	232385	226755
228845	145	S3009_5	FALSE	9	2090	.	.	232385	226755
229008	136	S3009_5	FALSE	10	2253	.	.	232385	226755
229203	206	S3009_5	FALSE	12	2448	.	.	232385	226755
229423	282	S3009_5	FALSE	12	2668	.	.	232385	226755
229730	85	S3009_5	FALSE	14	2975	.	.	232385	226755
230058	226	S3009_5	FALSE	11	3303	.	.	232385	226755
230323	278	S3009_5	FALSE	.	3568	.	.	232385	226755
230642	206	S3009_5	FALSE	16	3887	.	.	232385	226755
230853	197	S3009_5	FALSE	16	4098	.	.	232385	226755
231071	112	S3009_5	FALSE	17	4316	.	.	232385	226755
231655	81	S3009_5	FALSE	20	4900	.	.	232385	226755
231758	150	S3009_5	FALSE	.	5003	.	.	232385	226755