onset	duration	RECORDING_SESSION_LABEL	CURRENT_FIX_INTEREST_AREA_ID	CURRENT_FIX_START	SentenceID	SentenceRT	TRUEOffset	TRUEOnset	CURRENT_FIX_ADJUSTED
#VALUE!	55	S3017_1	.	33	UNDEFINEDnull	UNDEFINEDnull	UNDEFINEDnull	UNDEFINEDnull	FALSE
19493	448	S3017_1	3	0	t.01.01	2203	21697	19493	TRUE
19953	176	S3017_1	2	460	t.01.01	2203	21697	19493	TRUE
20153	284	S3017_1	3	660	t.01.01	2203	21697	19493	TRUE
20453	100	S3017_1	2	960	t.01.01	2203	21697	19493	TRUE
20579	197	S3017_1	5	1086	t.01.01	2203	21697	19493	TRUE
20796	387	S3017_1	6	1303	t.01.01	2203	21697	19493	TRUE
21198	560	S3017_1	7	1705	t.01.01	2203	21697	19493	TRUE
21773	32	S3017_1	.	2280	t.01.01	2203	21697	19493	TRUE
#VALUE!	84	S3017_1	.	7	.	.	.	.	FALSE
23159	235	S3017_1	1	0	t.01.02	2908	26067	23159	TRUE
23418	139	S3017_1	3	259	t.01.02	2908	26067	23159	TRUE
23578	185	S3017_1	2	419	t.01.02	2908	26067	23159	TRUE
23785	227	S3017_1	3	626	t.01.02	2908	26067	23159	TRUE
24033	273	S3017_1	4	874	t.01.02	2908	26067	23159	TRUE
24327	227	S3017_1	5	1168	t.01.02	2908	26067	23159	TRUE
24577	292	S3017_1	6	1418	t.01.02	2908	26067	23159	TRUE
24891	210	S3017_1	8	1732	t.01.02	2908	26067	23159	TRUE
25120	296	S3017_1	.	1961	t.01.02	2908	26067	23159	TRUE
25435	556	S3017_1	10	2276	t.01.02	2908	26067	23159	TRUE
26006	167	S3017_1	10	2847	t.01.02	2908	26067	23159	TRUE
#VALUE!	36	S3017_1	.	55	.	.	.	.	FALSE
27609	252	S3017_1	3	0	t.01.03	0	35609	27609	TRUE
27882	288	S3017_1	2	273	t.01.03	0	35609	27609	TRUE
28189	201	S3017_1	3	580	t.01.03	0	35609	27609	TRUE
28409	223	S3017_1	3	800	t.01.03	0	35609	27609	TRUE
28644	278	S3017_1	3	1035	t.01.03	0	35609	27609	TRUE
28935	197	S3017_1	3	1326	t.01.03	0	35609	27609	TRUE
29148	105	S3017_1	2	1539	t.01.03	0	35609	27609	TRUE
29282	263	S3017_1	4	1673	t.01.03	0	35609	27609	TRUE
29557	101	S3017_1	5	1948	t.01.03	0	35609	27609	TRUE
29678	333	S3017_1	.	2069	t.01.03	0	35609	27609	TRUE
30029	369	S3017_1	4	2420	t.01.03	0	35609	27609	TRUE
30415	346	S3017_1	5	2806	t.01.03	0	35609	27609	TRUE
30780	383	S3017_1	6	3171	t.01.03	0	35609	27609	TRUE
31181	265	S3017_1	7	3572	t.01.03	0	35609	27609	TRUE
31469	364	S3017_1	9	3860	t.01.03	0	35609	27609	TRUE
31854	304	S3017_1	10	4245	t.01.03	0	35609	27609	TRUE
32179	443	S3017_1	11	4570	t.01.03	0	35609	27609	TRUE
32642	339	S3017_1	10	5033	t.01.03	0	35609	27609	TRUE
33004	378	S3017_1	8	5395	t.01.03	0	35609	27609	TRUE
33405	253	S3017_1	10	5796	t.01.03	0	35609	27609	TRUE
33679	210	S3017_1	11	6070	t.01.03	0	35609	27609	TRUE
33897	193	S3017_1	11	6288	t.01.03	0	35609	27609	TRUE
34302	364	S3017_1	11	6693	t.01.03	0	35609	27609	TRUE
34678	231	S3017_1	10	7069	t.01.03	0	35609	27609	TRUE
34936	254	S3017_1	7	7327	t.01.03	0	35609	27609	TRUE
35212	149	S3017_1	5	7603	t.01.03	0	35609	27609	TRUE
35392	314	S3017_1	3	7783	t.01.03	0	35609	27609	TRUE
#VALUE!	85	S3017_1	.	7	.	.	.	.	FALSE
37625	565	S3017_1	2	0	t.01.04	5638	43263	37625	TRUE
38208	246	S3017_1	3	583	t.01.04	5638	43263	37625	TRUE
38473	440	S3017_1	4	848	t.01.04	5638	43263	37625	TRUE
38928	448	S3017_1	5	1303	t.01.04	5638	43263	37625	TRUE
39395	303	S3017_1	6	1770	t.01.04	5638	43263	37625	TRUE
39719	430	S3017_1	7	2094	t.01.04	5638	43263	37625	TRUE
40169	679	S3017_1	9	2544	t.01.04	5638	43263	37625	TRUE
40867	292	S3017_1	10	3242	t.01.04	5638	43263	37625	TRUE
41177	291	S3017_1	11	3552	t.01.04	5638	43263	37625	TRUE
41483	244	S3017_1	11	3858	t.01.04	5638	43263	37625	TRUE
41980	188	S3017_1	6	4355	t.01.04	5638	43263	37625	TRUE
42209	319	S3017_1	2	4584	t.01.04	5638	43263	37625	TRUE
42536	380	S3017_1	2	4911	t.01.04	5638	43263	37625	TRUE
42938	415	S3017_1	3	5313	t.01.04	5638	43263	37625	TRUE
#VALUE!	80	S3017_1	.	7	.	.	.	.	FALSE
45275	266	S3017_1	3	0	t.01.05	5771	51046	45275	TRUE
45551	210	S3017_1	2	276	t.01.05	5771	51046	45275	TRUE
45783	238	S3017_1	4	508	t.01.05	5771	51046	45275	TRUE
46033	406	S3017_1	5	758	t.01.05	5771	51046	45275	TRUE
46456	699	S3017_1	5	1181	t.01.05	5771	51046	45275	TRUE
47178	593	S3017_1	7	1903	t.01.05	5771	51046	45275	TRUE
47789	181	S3017_1	8	2514	t.01.05	5771	51046	45275	TRUE
47992	456	S3017_1	10	2717	t.01.05	5771	51046	45275	TRUE
48462	350	S3017_1	10	3187	t.01.05	5771	51046	45275	TRUE
48835	297	S3017_1	11	3560	t.01.05	5771	51046	45275	TRUE
49155	313	S3017_1	13	3880	t.01.05	5771	51046	45275	TRUE
49475	198	S3017_1	13	4200	t.01.05	5771	51046	45275	TRUE
49715	46	S3017_1	7	4440	t.01.05	5771	51046	45275	TRUE
49974	194	S3017_1	7	4699	t.01.05	5771	51046	45275	TRUE
50195	399	S3017_1	5	4920	t.01.05	5771	51046	45275	TRUE
50619	256	S3017_1	3	5344	t.01.05	5771	51046	45275	TRUE
50895	192	S3017_1	2	5620	t.01.05	5771	51046	45275	TRUE
#VALUE!	3	S3017_1	.	87	.	.	.	.	FALSE
52575	201	S3017_1	5	0	t.01.06	0	60575	52575	TRUE
52804	319	S3017_1	3	229	t.01.06	0	60575	52575	TRUE
53130	290	S3017_1	2	555	t.01.06	0	60575	52575	TRUE
53440	258	S3017_1	4	865	t.01.06	0	60575	52575	TRUE
53713	317	S3017_1	5	1138	t.01.06	0	60575	52575	TRUE
54047	214	S3017_1	5	1472	t.01.06	0	60575	52575	TRUE
54269	129	S3017_1	5	1694	t.01.06	0	60575	52575	TRUE
54415	482	S3017_1	5	1840	t.01.06	0	60575	52575	TRUE
54918	291	S3017_1	7	2343	t.01.06	0	60575	52575	TRUE
55218	248	S3017_1	6	2643	t.01.06	0	60575	52575	TRUE
55488	458	S3017_1	7	2913	t.01.06	0	60575	52575	TRUE
55968	231	S3017_1	9	3393	t.01.06	0	60575	52575	TRUE
56217	242	S3017_1	9	3642	t.01.06	0	60575	52575	TRUE
56482	606	S3017_1	10	3907	t.01.06	0	60575	52575	TRUE
57108	652	S3017_1	11	4533	t.01.06	0	60575	52575	TRUE
57809	241	S3017_1	5	5234	t.01.06	0	60575	52575	TRUE
58061	446	S3017_1	5	5486	t.01.06	0	60575	52575	TRUE
58525	149	S3017_1	6	5950	t.01.06	0	60575	52575	TRUE
58901	191	S3017_1	6	6326	t.01.06	0	60575	52575	TRUE
59099	213	S3017_1	6	6524	t.01.06	0	60575	52575	TRUE
59352	370	S3017_1	10	6777	t.01.06	0	60575	52575	TRUE
59743	271	S3017_1	11	7168	t.01.06	0	60575	52575	TRUE
60039	295	S3017_1	9	7464	t.01.06	0	60575	52575	TRUE
60354	235	S3017_1	9	7779	t.01.06	0	60575	52575	TRUE
60614	61	S3017_1	7	8039	t.01.06	0	60575	52575	TRUE
#VALUE!	80	S3017_1	.	7	.	.	.	.	FALSE
62592	214	S3017_1	2	0	t.01.07	0	70592	62592	TRUE
62827	209	S3017_1	3	235	t.01.07	0	70592	62592	TRUE
63044	316	S3017_1	3	452	t.01.07	0	70592	62592	TRUE
63381	345	S3017_1	4	789	t.01.07	0	70592	62592	TRUE
63744	295	S3017_1	3	1152	t.01.07	0	70592	62592	TRUE
64052	211	S3017_1	3	1460	t.01.07	0	70592	62592	TRUE
64278	201	S3017_1	4	1686	t.01.07	0	70592	62592	TRUE
64499	343	S3017_1	5	1907	t.01.07	0	70592	62592	TRUE
64860	285	S3017_1	6	2268	t.01.07	0	70592	62592	TRUE
65163	342	S3017_1	6	2571	t.01.07	0	70592	62592	TRUE
65526	278	S3017_1	5	2934	t.01.07	0	70592	62592	TRUE
65824	456	S3017_1	6	3232	t.01.07	0	70592	62592	TRUE
66303	368	S3017_1	7	3711	t.01.07	0	70592	62592	TRUE
66692	529	S3017_1	8	4100	t.01.07	0	70592	62592	TRUE
67239	316	S3017_1	9	4647	t.01.07	0	70592	62592	TRUE
67575	152	S3017_1	9	4983	t.01.07	0	70592	62592	TRUE
67760	122	S3017_1	.	5168	t.01.07	0	70592	62592	TRUE
67893	303	S3017_1	10	5301	t.01.07	0	70592	62592	TRUE
68264	146	S3017_1	3	5672	t.01.07	0	70592	62592	TRUE
68419	476	S3017_1	3	5827	t.01.07	0	70592	62592	TRUE
68914	661	S3017_1	4	6322	t.01.07	0	70592	62592	TRUE
69592	86	S3017_1	4	7000	t.01.07	0	70592	62592	TRUE
69915	68	S3017_1	.	7323	t.01.07	0	70592	62592	TRUE
70008	535	S3017_1	3	7416	t.01.07	0	70592	62592	TRUE
#VALUE!	35	S3017_1	.	55	.	.	.	.	FALSE
72625	362	S3017_1	3	0	t.01.08	6322	78947	72625	TRUE
73007	410	S3017_1	3	382	t.01.08	6322	78947	72625	TRUE
73436	257	S3017_1	3	811	t.01.08	6322	78947	72625	TRUE
73711	275	S3017_1	4	1086	t.01.08	6322	78947	72625	TRUE
74000	297	S3017_1	.	1375	t.01.08	6322	78947	72625	TRUE
74316	239	S3017_1	5	1691	t.01.08	6322	78947	72625	TRUE
74578	356	S3017_1	7	1953	t.01.08	6322	78947	72625	TRUE
74952	137	S3017_1	7	2327	t.01.08	6322	78947	72625	TRUE
75104	283	S3017_1	7	2479	t.01.08	6322	78947	72625	TRUE
75394	170	S3017_1	7	2769	t.01.08	6322	78947	72625	TRUE
75586	227	S3017_1	7	2961	t.01.08	6322	78947	72625	TRUE
75837	262	S3017_1	9	3212	t.01.08	6322	78947	72625	TRUE
76117	247	S3017_1	9	3492	t.01.08	6322	78947	72625	TRUE
76382	281	S3017_1	10	3757	t.01.08	6322	78947	72625	TRUE
76931	216	S3017_1	10	4306	t.01.08	6322	78947	72625	TRUE
77199	275	S3017_1	3	4574	t.01.08	6322	78947	72625	TRUE
77493	670	S3017_1	2	4868	t.01.08	6322	78947	72625	TRUE
78184	32	S3017_1	3	5559	t.01.08	6322	78947	72625	TRUE
78458	218	S3017_1	4	5833	t.01.08	6322	78947	72625	TRUE
78699	218	S3017_1	6	6074	t.01.08	6322	78947	72625	TRUE
78955	101	S3017_1	3	6330	t.01.08	6322	78947	72625	TRUE
#VALUE!	84	S3017_1	.	7	.	.	.	.	FALSE
80491	298	S3017_1	2	0	t.01.09	6712	87203	80491	FALSE
80799	263	S3017_1	2	308	t.01.09	6712	87203	80491	FALSE
81084	293	S3017_1	3	593	t.01.09	6712	87203	80491	FALSE
81392	59	S3017_1	3	901	t.01.09	6712	87203	80491	FALSE
81472	237	S3017_1	4	981	t.01.09	6712	87203	80491	FALSE
81728	329	S3017_1	5	1237	t.01.09	6712	87203	80491	FALSE
82081	500	S3017_1	6	1590	t.01.09	6712	87203	80491	FALSE
82612	389	S3017_1	4	2121	t.01.09	6712	87203	80491	FALSE
83024	257	S3017_1	5	2533	t.01.09	6712	87203	80491	FALSE
83301	177	S3017_1	4	2810	t.01.09	6712	87203	80491	FALSE
83511	247	S3017_1	7	3020	t.01.09	6712	87203	80491	FALSE
83773	351	S3017_1	6	3282	t.01.09	6712	87203	80491	FALSE
84147	717	S3017_1	8	3656	t.01.09	6712	87203	80491	FALSE
84883	441	S3017_1	8	4392	t.01.09	6712	87203	80491	FALSE
85348	231	S3017_1	10	4857	t.01.09	6712	87203	80491	FALSE
85587	198	S3017_1	9	5096	t.01.09	6712	87203	80491	FALSE
85806	364	S3017_1	10	5315	t.01.09	6712	87203	80491	FALSE
86189	212	S3017_1	10	5698	t.01.09	6712	87203	80491	FALSE
86414	328	S3017_1	10	5923	t.01.09	6712	87203	80491	FALSE
86759	344	S3017_1	10	6268	t.01.09	6712	87203	80491	FALSE
87115	187	S3017_1	10	6624	t.01.09	6712	87203	80491	FALSE
#VALUE!	107	S3017_1	.	7	.	.	.	.	FALSE
89258	242	S3017_1	4	0	t.01.10	2869	92127	89258	FALSE
89520	444	S3017_1	3	262	t.01.10	2869	92127	89258	FALSE
89983	172	S3017_1	2	725	t.01.10	2869	92127	89258	FALSE
90181	220	S3017_1	4	923	t.01.10	2869	92127	89258	FALSE
90416	208	S3017_1	5	1158	t.01.10	2869	92127	89258	FALSE
90644	232	S3017_1	6	1386	t.01.10	2869	92127	89258	FALSE
90898	232	S3017_1	7	1640	t.01.10	2869	92127	89258	FALSE
91154	407	S3017_1	9	1896	t.01.10	2869	92127	89258	FALSE
91577	205	S3017_1	8	2319	t.01.10	2869	92127	89258	FALSE
91806	345	S3017_1	9	2548	t.01.10	2869	92127	89258	FALSE
#VALUE!	81	S3017_1	.	7	.	.	.	.	FALSE
93641	485	S3017_1	1	0	t.01.11	3937	97579	93641	FALSE
94151	329	S3017_1	2	510	t.01.11	3937	97579	93641	FALSE
94500	104	S3017_1	3	859	t.01.11	3937	97579	93641	FALSE
94619	217	S3017_1	2	978	t.01.11	3937	97579	93641	FALSE
94858	352	S3017_1	3	1217	t.01.11	3937	97579	93641	FALSE
95231	229	S3017_1	3	1590	t.01.11	3937	97579	93641	FALSE
95481	504	S3017_1	4	1840	t.01.11	3937	97579	93641	FALSE
96006	312	S3017_1	7	2365	t.01.11	3937	97579	93641	FALSE
96336	288	S3017_1	7	2695	t.01.11	3937	97579	93641	FALSE
96646	308	S3017_1	9	3005	t.01.11	3937	97579	93641	FALSE
96965	257	S3017_1	9	3324	t.01.11	3937	97579	93641	FALSE
97459	207	S3017_1	9	3818	t.01.11	3937	97579	93641	FALSE
#VALUE!	84	S3017_1	.	7	.	.	.	.	FALSE
99091	261	S3017_1	3	0	t.01.12	7210	106301	99091	TRUE
99373	630	S3017_1	2	282	t.01.12	7210	106301	99091	TRUE
100024	189	S3017_1	3	933	t.01.12	7210	106301	99091	TRUE
100223	386	S3017_1	2	1132	t.01.12	7210	106301	99091	TRUE
100624	187	S3017_1	3	1533	t.01.12	7210	106301	99091	TRUE
100829	315	S3017_1	3	1738	t.01.12	7210	106301	99091	TRUE
101161	152	S3017_1	3	2070	t.01.12	7210	106301	99091	TRUE
101335	313	S3017_1	5	2244	t.01.12	7210	106301	99091	TRUE
101666	366	S3017_1	6	2575	t.01.12	7210	106301	99091	TRUE
102050	323	S3017_1	8	2959	t.01.12	7210	106301	99091	TRUE
102387	154	S3017_1	9	3296	t.01.12	7210	106301	99091	TRUE
102557	325	S3017_1	8	3466	t.01.12	7210	106301	99091	TRUE
102897	214	S3017_1	9	3806	t.01.12	7210	106301	99091	TRUE
103118	679	S3017_1	8	4027	t.01.12	7210	106301	99091	TRUE
103816	235	S3017_1	9	4725	t.01.12	7210	106301	99091	TRUE
104068	384	S3017_1	10	4977	t.01.12	7210	106301	99091	TRUE
104472	274	S3017_1	12	5381	t.01.12	7210	106301	99091	TRUE
104770	325	S3017_1	.	5679	t.01.12	7210	106301	99091	TRUE
105111	239	S3017_1	15	6020	t.01.12	7210	106301	99091	TRUE
105389	135	S3017_1	10	6298	t.01.12	7210	106301	99091	TRUE
105547	238	S3017_1	11	6456	t.01.12	7210	106301	99091	TRUE
105811	208	S3017_1	8	6720	t.01.12	7210	106301	99091	TRUE
106234	167	S3017_1	6	7143	t.01.12	7210	106301	99091	TRUE
#VALUE!	84	S3017_1	.	7	.	.	.	.	FALSE
108407	204	S3017_1	5	0	t.01.13	3802	112209	108407	TRUE
108642	300	S3017_1	2	235	t.01.13	3802	112209	108407	TRUE
108961	215	S3017_1	3	554	t.01.13	3802	112209	108407	TRUE
109195	247	S3017_1	4	788	t.01.13	3802	112209	108407	TRUE
109461	332	S3017_1	5	1054	t.01.13	3802	112209	108407	TRUE
109814	393	S3017_1	6	1407	t.01.13	3802	112209	108407	TRUE
110227	271	S3017_1	8	1820	t.01.13	3802	112209	108407	TRUE
110516	205	S3017_1	8	2109	t.01.13	3802	112209	108407	TRUE
110741	123	S3017_1	10	2334	t.01.13	3802	112209	108407	TRUE
110886	358	S3017_1	11	2479	t.01.13	3802	112209	108407	TRUE
111257	112	S3017_1	12	2850	t.01.13	3802	112209	108407	TRUE
111421	315	S3017_1	3	3014	t.01.13	3802	112209	108407	TRUE
111844	128	S3017_1	2	3437	t.01.13	3802	112209	108407	TRUE
112126	172	S3017_1	4	3719	t.01.13	3802	112209	108407	TRUE
#VALUE!	85	S3017_1	.	7	.	.	.	.	FALSE
113707	322	S3017_1	2	0	t.01.14	5159	118866	113707	TRUE
114049	116	S3017_1	2	342	t.01.14	5159	118866	113707	TRUE
114189	361	S3017_1	1	482	t.01.14	5159	118866	113707	TRUE
114578	269	S3017_1	4	871	t.01.14	5159	118866	113707	TRUE
114862	415	S3017_1	4	1155	t.01.14	5159	118866	113707	TRUE
115299	241	S3017_1	6	1592	t.01.14	5159	118866	113707	TRUE
115558	241	S3017_1	7	1851	t.01.14	5159	118866	113707	TRUE
115817	340	S3017_1	7	2110	t.01.14	5159	118866	113707	TRUE
116179	336	S3017_1	8	2472	t.01.14	5159	118866	113707	TRUE
116537	660	S3017_1	9	2830	t.01.14	5159	118866	113707	TRUE
117216	249	S3017_1	10	3509	t.01.14	5159	118866	113707	TRUE
117483	212	S3017_1	10	3776	t.01.14	5159	118866	113707	TRUE
117753	267	S3017_1	2	4046	t.01.14	5159	118866	113707	TRUE
118036	190	S3017_1	2	4329	t.01.14	5159	118866	113707	TRUE
118251	187	S3017_1	1	4544	t.01.14	5159	118866	113707	TRUE
118456	154	S3017_1	1	4749	t.01.14	5159	118866	113707	TRUE
118655	262	S3017_1	7	4948	t.01.14	5159	118866	113707	TRUE
#VALUE!	69	S3017_1	.	23	.	.	.	.	FALSE
120391	245	S3017_1	2	0	t.01.15	7304	127695	120391	FALSE
120655	399	S3017_1	1	264	t.01.15	7304	127695	120391	FALSE
121076	291	S3017_1	3	685	t.01.15	7304	127695	120391	FALSE
121385	357	S3017_1	3	994	t.01.15	7304	127695	120391	FALSE
121763	531	S3017_1	3	1372	t.01.15	7304	127695	120391	FALSE
122315	360	S3017_1	5	1924	t.01.15	7304	127695	120391	FALSE
122690	264	S3017_1	5	2299	t.01.15	7304	127695	120391	FALSE
122970	266	S3017_1	7	2579	t.01.15	7304	127695	120391	FALSE
123254	249	S3017_1	8	2863	t.01.15	7304	127695	120391	FALSE
123517	246	S3017_1	7	3126	t.01.15	7304	127695	120391	FALSE
123785	376	S3017_1	9	3394	t.01.15	7304	127695	120391	FALSE
124179	435	S3017_1	10	3788	t.01.15	7304	127695	120391	FALSE
124636	357	S3017_1	11	4245	t.01.15	7304	127695	120391	FALSE
125054	317	S3017_1	3	4663	t.01.15	7304	127695	120391	FALSE
125407	71	S3017_1	1	5016	t.01.15	7304	127695	120391	FALSE
125728	369	S3017_1	3	5337	t.01.15	7304	127695	120391	FALSE
126118	331	S3017_1	3	5727	t.01.15	7304	127695	120391	FALSE
126479	286	S3017_1	5	6088	t.01.15	7304	127695	120391	FALSE
126779	224	S3017_1	5	6388	t.01.15	7304	127695	120391	FALSE
127050	87	S3017_1	11	6659	t.01.15	7304	127695	120391	FALSE
127178	245	S3017_1	7	6787	t.01.15	7304	127695	120391	FALSE
127465	293	S3017_1	11	7074	t.01.15	7304	127695	120391	FALSE
#VALUE!	80	S3017_1	.	7	.	.	.	.	FALSE
129224	687	S3017_1	2	0	t.01.16	2598	131822	129224	FALSE
129930	450	S3017_1	2	706	t.01.16	2598	131822	129224	FALSE
130410	124	S3017_1	4	1186	t.01.16	2598	131822	129224	FALSE
130552	286	S3017_1	3	1328	t.01.16	2598	131822	129224	FALSE
130862	250	S3017_1	5	1638	t.01.16	2598	131822	129224	FALSE
131131	175	S3017_1	5	1907	t.01.16	2598	131822	129224	FALSE
131330	279	S3017_1	6	2106	t.01.16	2598	131822	129224	FALSE
131628	283	S3017_1	7	2404	t.01.16	2598	131822	129224	FALSE
#VALUE!	85	S3017_1	.	7	.	.	.	.	FALSE
133340	276	S3017_1	2	0	t.01.17	4621	137961	133340	FALSE
133631	386	S3017_1	1	291	t.01.17	4621	137961	133340	FALSE
134039	993	S3017_1	2	699	t.01.17	4621	137961	133340	FALSE
135054	251	S3017_1	3	1714	t.01.17	4621	137961	133340	FALSE
135317	332	S3017_1	2	1977	t.01.17	4621	137961	133340	FALSE
135671	311	S3017_1	4	2331	t.01.17	4621	137961	133340	FALSE
136003	354	S3017_1	4	2663	t.01.17	4621	137961	133340	FALSE
136379	459	S3017_1	6	3039	t.01.17	4621	137961	133340	FALSE
136856	90	S3017_1	7	3516	t.01.17	4621	137961	133340	FALSE
136955	291	S3017_1	6	3615	t.01.17	4621	137961	133340	FALSE
137269	459	S3017_1	7	3929	t.01.17	4621	137961	133340	FALSE
137739	241	S3017_1	7	4399	t.01.17	4621	137961	133340	FALSE
#VALUE!	80	S3017_1	.	7	.	.	.	.	FALSE
139473	61	S3017_1	2	0	t.01.18	5087	144560	139473	FALSE
139548	230	S3017_1	2	75	t.01.18	5087	144560	139473	FALSE
139830	216	S3017_1	1	357	t.01.18	5087	144560	139473	FALSE
140068	147	S3017_1	2	595	t.01.18	5087	144560	139473	FALSE
140240	200	S3017_1	2	767	t.01.18	5087	144560	139473	FALSE
140466	280	S3017_1	3	993	t.01.18	5087	144560	139473	FALSE
140767	656	S3017_1	4	1294	t.01.18	5087	144560	139473	FALSE
141443	285	S3017_1	5	1970	t.01.18	5087	144560	139473	FALSE
141743	330	S3017_1	5	2270	t.01.18	5087	144560	139473	FALSE
142091	514	S3017_1	6	2618	t.01.18	5087	144560	139473	FALSE
142622	385	S3017_1	6	3149	t.01.18	5087	144560	139473	FALSE
143019	242	S3017_1	6	3546	t.01.18	5087	144560	139473	FALSE
143280	359	S3017_1	8	3807	t.01.18	5087	144560	139473	FALSE
143649	198	S3017_1	7	4176	t.01.18	5087	144560	139473	FALSE
143866	335	S3017_1	8	4393	t.01.18	5087	144560	139473	FALSE
144221	429	S3017_1	9	4748	t.01.18	5087	144560	139473	FALSE
#VALUE!	79	S3017_1	.	7	.	.	.	.	FALSE
146590	268	S3017_1	2	0	t.01.19	0	154590	146590	FALSE
146911	406	S3017_1	10	321	t.01.19	0	154590	146590	FALSE
147614	148	S3017_1	4	1024	t.01.19	0	154590	146590	FALSE
147800	345	S3017_1	2	1210	t.01.19	0	154590	146590	FALSE
148164	222	S3017_1	2	1574	t.01.19	0	154590	146590	FALSE
148395	470	S3017_1	2	1805	t.01.19	0	154590	146590	FALSE
148890	349	S3017_1	4	2300	t.01.19	0	154590	146590	FALSE
149247	191	S3017_1	3	2657	t.01.19	0	154590	146590	FALSE
149455	239	S3017_1	4	2865	t.01.19	0	154590	146590	FALSE
149724	290	S3017_1	2	3134	t.01.19	0	154590	146590	FALSE
150024	184	S3017_1	3	3434	t.01.19	0	154590	146590	FALSE
150247	268	S3017_1	5	3657	t.01.19	0	154590	146590	FALSE
150533	511	S3017_1	4	3943	t.01.19	0	154590	146590	FALSE
151066	294	S3017_1	5	4476	t.01.19	0	154590	146590	FALSE
151381	221	S3017_1	4	4791	t.01.19	0	154590	146590	FALSE
151626	159	S3017_1	6	5036	t.01.19	0	154590	146590	FALSE
151793	181	S3017_1	.	5203	t.01.19	0	154590	146590	FALSE
151998	322	S3017_1	4	5408	t.01.19	0	154590	146590	FALSE
152334	294	S3017_1	4	5744	t.01.19	0	154590	146590	FALSE
152650	458	S3017_1	6	6060	t.01.19	0	154590	146590	FALSE
153126	273	S3017_1	7	6536	t.01.19	0	154590	146590	FALSE
153416	571	S3017_1	7	6826	t.01.19	0	154590	146590	FALSE
154006	447	S3017_1	9	7416	t.01.19	0	154590	146590	FALSE
154471	218	S3017_1	10	7881	t.01.19	0	154590	146590	FALSE
#VALUE!	13	S3017_1	.	7	.	.	.	.	FALSE
156312	222	S3017_1	4	206	t.01.20	7360	163466	156106	TRUE
156546	91	S3017_1	4	440	t.01.20	7360	163466	156106	TRUE
156665	412	S3017_1	2	559	t.01.20	7360	163466	156106	TRUE
157092	329	S3017_1	2	986	t.01.20	7360	163466	156106	TRUE
157441	387	S3017_1	2	1335	t.01.20	7360	163466	156106	TRUE
157848	604	S3017_1	3	1742	t.01.20	7360	163466	156106	TRUE
158473	375	S3017_1	5	2367	t.01.20	7360	163466	156106	TRUE
158870	318	S3017_1	5	2764	t.01.20	7360	163466	156106	TRUE
159209	260	S3017_1	6	3103	t.01.20	7360	163466	156106	TRUE
159486	294	S3017_1	6	3380	t.01.20	7360	163466	156106	TRUE
159789	205	S3017_1	6	3683	t.01.20	7360	163466	156106	TRUE
160029	352	S3017_1	8	3923	t.01.20	7360	163466	156106	TRUE
160404	369	S3017_1	9	4298	t.01.20	7360	163466	156106	TRUE
160785	146	S3017_1	9	4679	t.01.20	7360	163466	156106	TRUE
161337	87	S3017_1	6	5231	t.01.20	7360	163466	156106	TRUE
161459	41	S3017_1	6	5353	t.01.20	7360	163466	156106	TRUE
161517	354	S3017_1	6	5411	t.01.20	7360	163466	156106	TRUE
161892	188	S3017_1	6	5786	t.01.20	7360	163466	156106	TRUE
162092	267	S3017_1	6	5986	t.01.20	7360	163466	156106	TRUE
162370	313	S3017_1	6	6264	t.01.20	7360	163466	156106	TRUE
162720	334	S3017_1	5	6614	t.01.20	7360	163466	156106	TRUE
163074	126	S3017_1	6	6968	t.01.20	7360	163466	156106	TRUE
#VALUE!	79	S3017_1	.	7	.	.	.	.	FALSE
165006	201	S3017_1	3	0	t.01.21	5220	170226	165006	FALSE
165227	426	S3017_1	1	221	t.01.21	5220	170226	165006	FALSE
165675	193	S3017_1	3	669	t.01.21	5220	170226	165006	FALSE
165889	275	S3017_1	5	883	t.01.21	5220	170226	165006	FALSE
166184	169	S3017_1	6	1178	t.01.21	5220	170226	165006	FALSE
166374	283	S3017_1	4	1368	t.01.21	5220	170226	165006	FALSE
166674	261	S3017_1	5	1668	t.01.21	5220	170226	165006	FALSE
166958	341	S3017_1	6	1952	t.01.21	5220	170226	165006	FALSE
167316	323	S3017_1	6	2310	t.01.21	5220	170226	165006	FALSE
167667	228	S3017_1	5	2661	t.01.21	5220	170226	165006	FALSE
167932	252	S3017_1	6	2926	t.01.21	5220	170226	165006	FALSE
168201	222	S3017_1	6	3195	t.01.21	5220	170226	165006	FALSE
168447	394	S3017_1	8	3441	t.01.21	5220	170226	165006	FALSE
168856	222	S3017_1	8	3850	t.01.21	5220	170226	165006	FALSE
169102	272	S3017_1	10	4096	t.01.21	5220	170226	165006	FALSE
169398	471	S3017_1	8	4392	t.01.21	5220	170226	165006	FALSE
169890	240	S3017_1	10	4884	t.01.21	5220	170226	165006	FALSE
170147	173	S3017_1	10	5141	t.01.21	5220	170226	165006	FALSE
#VALUE!	83	S3017_1	.	7	.	.	.	.	FALSE
172256	80	S3017_1	4	0	t.01.22	0	180256	172256	TRUE
172358	278	S3017_1	3	102	t.01.22	0	180256	172256	TRUE
172644	220	S3017_1	2	388	t.01.22	0	180256	172256	TRUE
172887	348	S3017_1	.	631	t.01.22	0	180256	172256	TRUE
173257	175	S3017_1	5	1001	t.01.22	0	180256	172256	TRUE
173453	297	S3017_1	4	1197	t.01.22	0	180256	172256	TRUE
173771	282	S3017_1	5	1515	t.01.22	0	180256	172256	TRUE
174066	256	S3017_1	5	1810	t.01.22	0	180256	172256	TRUE
174345	178	S3017_1	3	2089	t.01.22	0	180256	172256	TRUE
174550	368	S3017_1	5	2294	t.01.22	0	180256	172256	TRUE
174939	363	S3017_1	7	2683	t.01.22	0	180256	172256	TRUE
175309	232	S3017_1	7	3053	t.01.22	0	180256	172256	TRUE
175559	181	S3017_1	8	3303	t.01.22	0	180256	172256	TRUE
175752	674	S3017_1	8	3496	t.01.22	0	180256	172256	TRUE
176435	432	S3017_1	8	4179	t.01.22	0	180256	172256	TRUE
176880	76	S3017_1	8	4624	t.01.22	0	180256	172256	TRUE
176997	304	S3017_1	4	4741	t.01.22	0	180256	172256	TRUE
177313	233	S3017_1	3	5057	t.01.22	0	180256	172256	TRUE
177569	225	S3017_1	5	5313	t.01.22	0	180256	172256	TRUE
177811	741	S3017_1	5	5555	t.01.22	0	180256	172256	TRUE
178576	299	S3017_1	7	6320	t.01.22	0	180256	172256	TRUE
178900	288	S3017_1	8	6644	t.01.22	0	180256	172256	TRUE
179198	133	S3017_1	8	6942	t.01.22	0	180256	172256	TRUE
179346	177	S3017_1	8	7090	t.01.22	0	180256	172256	TRUE
179859	155	S3017_1	8	7603	t.01.22	0	180256	172256	TRUE
180026	158	S3017_1	8	7770	t.01.22	0	180256	172256	TRUE
#VALUE!	13	S3017_1	.	7	.	.	.	.	FALSE
#VALUE!	39	S3017_1	.	52	.	.	.	.	FALSE
181789	230	S3017_1	2	0	t.01.23	4775	186564	181789	FALSE
182040	492	S3017_1	1	251	t.01.23	4775	186564	181789	FALSE
182555	270	S3017_1	2	766	t.01.23	4775	186564	181789	FALSE
182848	552	S3017_1	3	1059	t.01.23	4775	186564	181789	FALSE
183425	266	S3017_1	.	1636	t.01.23	4775	186564	181789	FALSE
183708	299	S3017_1	5	1919	t.01.23	4775	186564	181789	FALSE
184026	398	S3017_1	6	2237	t.01.23	4775	186564	181789	FALSE
184433	283	S3017_1	7	2644	t.01.23	4775	186564	181789	FALSE
184734	700	S3017_1	8	2945	t.01.23	4775	186564	181789	FALSE
185458	350	S3017_1	9	3669	t.01.23	4775	186564	181789	FALSE
185826	543	S3017_1	10	4037	t.01.23	4775	186564	181789	FALSE
186382	279	S3017_1	9	4593	t.01.23	4775	186564	181789	FALSE
#VALUE!	81	S3017_1	.	7	.	.	.	.	FALSE
188089	40	S3017_1	2	0	t.01.24	3584	191673	188089	FALSE
188142	420	S3017_1	1	53	t.01.24	3584	191673	188089	FALSE
188579	227	S3017_1	2	490	t.01.24	3584	191673	188089	FALSE
188825	299	S3017_1	3	736	t.01.24	3584	191673	188089	FALSE
189148	310	S3017_1	5	1059	t.01.24	3584	191673	188089	FALSE
189478	403	S3017_1	6	1389	t.01.24	3584	191673	188089	FALSE
189899	219	S3017_1	7	1810	t.01.24	3584	191673	188089	FALSE
190137	262	S3017_1	7	2048	t.01.24	3584	191673	188089	FALSE
190418	450	S3017_1	8	2329	t.01.24	3584	191673	188089	FALSE
190885	225	S3017_1	9	2796	t.01.24	3584	191673	188089	FALSE
191126	383	S3017_1	8	3037	t.01.24	3584	191673	188089	FALSE
191525	237	S3017_1	9	3436	t.01.24	3584	191673	188089	FALSE
#VALUE!	80	S3017_1	.	7	.	.	.	.	FALSE
193189	52	S3017_1	2	0	t.01.25	6343	199532	193189	FALSE
193255	224	S3017_1	2	66	t.01.25	6343	199532	193189	FALSE
193505	198	S3017_1	1	316	t.01.25	6343	199532	193189	FALSE
193725	278	S3017_1	2	536	t.01.25	6343	199532	193189	FALSE
194026	224	S3017_1	3	837	t.01.25	6343	199532	193189	FALSE
194274	240	S3017_1	6	1085	t.01.25	6343	199532	193189	FALSE
194535	624	S3017_1	7	1346	t.01.25	6343	199532	193189	FALSE
195179	50	S3017_1	7	1990	t.01.25	6343	199532	193189	FALSE
195250	180	S3017_1	7	2061	t.01.25	6343	199532	193189	FALSE
195451	495	S3017_1	7	2262	t.01.25	6343	199532	193189	FALSE
195966	207	S3017_1	8	2777	t.01.25	6343	199532	193189	FALSE
196182	597	S3017_1	8	2993	t.01.25	6343	199532	193189	FALSE
196795	289	S3017_1	8	3606	t.01.25	6343	199532	193189	FALSE
197101	204	S3017_1	8	3912	t.01.25	6343	199532	193189	FALSE
197326	166	S3017_1	10	4137	t.01.25	6343	199532	193189	FALSE
197498	185	S3017_1	9	4309	t.01.25	6343	199532	193189	FALSE
197702	263	S3017_1	10	4513	t.01.25	6343	199532	193189	FALSE
198270	582	S3017_1	10	5081	t.01.25	6343	199532	193189	FALSE
198864	250	S3017_1	10	5675	t.01.25	6343	199532	193189	FALSE
199133	360	S3017_1	11	5944	t.01.25	6343	199532	193189	FALSE
199515	116	S3017_1	10	6326	t.01.25	6343	199532	193189	FALSE
#VALUE!	52	S3017_1	.	34	.	.	.	.	FALSE
201039	486	S3017_1	.	0	t.01.26	4538	205577	201039	FALSE
201754	430	S3017_1	3	715	t.01.26	4538	205577	201039	FALSE
202201	367	S3017_1	2	1162	t.01.26	4538	205577	201039	FALSE
202592	291	S3017_1	4	1553	t.01.26	4538	205577	201039	FALSE
202908	327	S3017_1	5	1869	t.01.26	4538	205577	201039	FALSE
203256	186	S3017_1	6	2217	t.01.26	4538	205577	201039	FALSE
203461	429	S3017_1	6	2422	t.01.26	4538	205577	201039	FALSE
203909	309	S3017_1	7	2870	t.01.26	4538	205577	201039	FALSE
204238	275	S3017_1	7	3199	t.01.26	4538	205577	201039	FALSE
204531	79	S3017_1	7	3492	t.01.26	4538	205577	201039	FALSE
204634	528	S3017_1	8	3595	t.01.26	4538	205577	201039	FALSE
205188	490	S3017_1	10	4149	t.01.26	4538	205577	201039	FALSE
#VALUE!	84	S3017_1	.	7	.	.	.	.	FALSE
207089	142	S3017_1	1	0	t.01.27	5957	213046	207089	FALSE
207251	54	S3017_1	2	162	t.01.27	5957	213046	207089	FALSE
207323	347	S3017_1	2	234	t.01.27	5957	213046	207089	FALSE
207696	338	S3017_1	3	607	t.01.27	5957	213046	207089	FALSE
208056	505	S3017_1	4	967	t.01.27	5957	213046	207089	FALSE
208587	339	S3017_1	5	1498	t.01.27	5957	213046	207089	FALSE
208947	318	S3017_1	4	1858	t.01.27	5957	213046	207089	FALSE
209296	142	S3017_1	6	2207	t.01.27	5957	213046	207089	FALSE
209444	256	S3017_1	6	2355	t.01.27	5957	213046	207089	FALSE
209721	250	S3017_1	7	2632	t.01.27	5957	213046	207089	FALSE
209982	562	S3017_1	7	2893	t.01.27	5957	213046	207089	FALSE
210567	430	S3017_1	8	3478	t.01.27	5957	213046	207089	FALSE
211015	128	S3017_1	8	3926	t.01.27	5957	213046	207089	FALSE
211161	761	S3017_1	8	4072	t.01.27	5957	213046	207089	FALSE
211938	115	S3017_1	8	4849	t.01.27	5957	213046	207089	FALSE
212072	388	S3017_1	9	4983	t.01.27	5957	213046	207089	FALSE
212484	527	S3017_1	10	5395	t.01.27	5957	213046	207089	FALSE
213049	100	S3017_1	7	5960	t.01.27	5957	213046	207089	FALSE
#VALUE!	85	S3017_1	.	7	.	.	.	.	FALSE
214572	74	S3017_1	2	0	t.01.28	6051	220623	214572	FALSE
214674	257	S3017_1	1	102	t.01.28	6051	220623	214572	FALSE
214946	254	S3017_1	1	374	t.01.28	6051	220623	214572	FALSE
215223	334	S3017_1	2	651	t.01.28	6051	220623	214572	FALSE
215578	230	S3017_1	2	1006	t.01.28	6051	220623	214572	FALSE
215830	169	S3017_1	4	1258	t.01.28	6051	220623	214572	FALSE
216023	181	S3017_1	5	1451	t.01.28	6051	220623	214572	FALSE
216215	215	S3017_1	4	1643	t.01.28	6051	220623	214572	FALSE
216453	341	S3017_1	6	1881	t.01.28	6051	220623	214572	FALSE
216813	157	S3017_1	7	2241	t.01.28	6051	220623	214572	FALSE
217048	302	S3017_1	7	2476	t.01.28	6051	220623	214572	FALSE
217374	344	S3017_1	8	2802	t.01.28	6051	220623	214572	FALSE
217740	231	S3017_1	7	3168	t.01.28	6051	220623	214572	FALSE
217997	371	S3017_1	8	3425	t.01.28	6051	220623	214572	FALSE
218386	520	S3017_1	9	3814	t.01.28	6051	220623	214572	FALSE
218915	319	S3017_1	9	4343	t.01.28	6051	220623	214572	FALSE
219260	378	S3017_1	10	4688	t.01.28	6051	220623	214572	FALSE
219644	342	S3017_1	10	5072	t.01.28	6051	220623	214572	FALSE
220004	269	S3017_1	10	5432	t.01.28	6051	220623	214572	FALSE
220305	405	S3017_1	7	5733	t.01.28	6051	220623	214572	FALSE
#VALUE!	84	S3017_1	.	7	.	.	.	.	FALSE
222622	255	S3017_1	2	0	t.01.29	3249	225871	222622	FALSE
222895	364	S3017_1	1	273	t.01.29	3249	225871	222622	FALSE
223281	281	S3017_1	2	659	t.01.29	3249	225871	222622	FALSE
223580	257	S3017_1	3	958	t.01.29	3249	225871	222622	FALSE
223856	185	S3017_1	4	1234	t.01.29	3249	225871	222622	FALSE
224064	422	S3017_1	5	1442	t.01.29	3249	225871	222622	FALSE
224505	181	S3017_1	6	1883	t.01.29	3249	225871	222622	FALSE
224703	280	S3017_1	6	2081	t.01.29	3249	225871	222622	FALSE
225001	296	S3017_1	7	2379	t.01.29	3249	225871	222622	FALSE
225317	178	S3017_1	7	2695	t.01.29	3249	225871	222622	FALSE
225516	319	S3017_1	8	2894	t.01.29	3249	225871	222622	FALSE
225846	78	S3017_1	7	3224	t.01.29	3249	225871	222622	FALSE
#VALUE!	79	S3017_1	.	9	.	.	.	.	FALSE
227888	13	S3017_1	3	0	t.01.30	3254	231142	227888	FALSE
227921	453	S3017_1	2	33	t.01.30	3254	231142	227888	FALSE
228397	262	S3017_1	3	509	t.01.30	3254	231142	227888	FALSE
228683	543	S3017_1	4	795	t.01.30	3254	231142	227888	FALSE
229250	345	S3017_1	6	1362	t.01.30	3254	231142	227888	FALSE
229613	527	S3017_1	7	1725	t.01.30	3254	231142	227888	FALSE
230158	422	S3017_1	8	2270	t.01.30	3254	231142	227888	FALSE
230605	544	S3017_1	10	2717	t.01.30	3254	231142	227888	FALSE
231200	36	S3017_1	4	3312	t.01.30	3254	231142	227888	FALSE
#VALUE!	79	S3017_1	.	7	.	.	.	.	FALSE
232681	80	S3017_1	3	26	t.01.31	3131	235786	232655	FALSE
232774	121	S3017_1	3	119	t.01.31	3131	235786	232655	FALSE
232918	322	S3017_1	2	263	t.01.31	3131	235786	232655	FALSE
233263	205	S3017_1	3	608	t.01.31	3131	235786	232655	FALSE
233489	247	S3017_1	4	834	t.01.31	3131	235786	232655	FALSE
233761	279	S3017_1	5	1106	t.01.31	3131	235786	232655	FALSE
234060	303	S3017_1	6	1405	t.01.31	3131	235786	232655	FALSE
234385	45	S3017_1	7	1730	t.01.31	3131	235786	232655	FALSE
234502	99	S3017_1	7	1847	t.01.31	3131	235786	232655	FALSE
234631	160	S3017_1	7	1976	t.01.31	3131	235786	232655	FALSE
234811	222	S3017_1	8	2156	t.01.31	3131	235786	232655	FALSE
235054	325	S3017_1	10	2399	t.01.31	3131	235786	232655	FALSE
235392	266	S3017_1	11	2737	t.01.31	3131	235786	232655	FALSE
235683	201	S3017_1	13	3028	t.01.31	3131	235786	232655	FALSE
#VALUE!	68	S3017_1	.	22	.	.	.	.	FALSE
258354	258	S3017_1	.	0	.	.	272052	258354	FALSE
258650	439	S3017_1	8	296	.	.	272052	258354	FALSE
259111	375	S3017_1	.	757	.	.	272052	258354	FALSE
259508	343	S3017_1	9	1154	.	.	272052	258354	FALSE
259877	615	S3017_1	.	1523	.	.	272052	258354	FALSE
260500	116	S3017_1	.	2146	.	.	272052	258354	FALSE
260639	259	S3017_1	.	2285	.	.	272052	258354	FALSE
260915	181	S3017_1	.	2561	.	.	272052	258354	FALSE
261118	238	S3017_1	.	2764	.	.	272052	258354	FALSE
261375	359	S3017_1	.	3021	.	.	272052	258354	FALSE
261742	162	S3017_1	.	3388	.	.	272052	258354	FALSE
261946	289	S3017_1	.	3592	.	.	272052	258354	FALSE
262249	285	S3017_1	.	3895	.	.	272052	258354	FALSE
262547	54	S3017_1	.	4193	.	.	272052	258354	FALSE
262800	209	S3017_1	.	4446	.	.	272052	258354	FALSE
263022	241	S3017_1	.	4668	.	.	272052	258354	FALSE
263286	134	S3017_1	.	4932	.	.	272052	258354	FALSE
263427	232	S3017_1	.	5073	.	.	272052	258354	FALSE
263666	298	S3017_1	.	5312	.	.	272052	258354	FALSE
263989	740	S3017_1	.	5635	.	.	272052	258354	FALSE
264743	89	S3017_1	.	6389	.	.	272052	258354	FALSE
265097	67	S3017_1	.	6743	.	.	272052	258354	FALSE
265200	224	S3017_1	.	6846	.	.	272052	258354	FALSE
265443	147	S3017_1	.	7089	.	.	272052	258354	FALSE
265611	92	S3017_1	.	7257	.	.	272052	258354	FALSE
265943	248	S3017_1	.	7589	.	.	272052	258354	FALSE
266209	113	S3017_1	.	7855	.	.	272052	258354	FALSE
266366	193	S3017_1	.	8012	.	.	272052	258354	FALSE
266568	613	S3017_1	.	8214	.	.	272052	258354	FALSE
267201	207	S3017_1	.	8847	.	.	272052	258354	FALSE
267625	115	S3017_1	.	9271	.	.	272052	258354	FALSE
267770	181	S3017_1	.	9416	.	.	272052	258354	FALSE
267971	390	S3017_1	.	9617	.	.	272052	258354	FALSE
268383	187	S3017_1	.	10029	.	.	272052	258354	FALSE
268834	227	S3017_1	.	10480	.	.	272052	258354	FALSE
269092	281	S3017_1	.	10738	.	.	272052	258354	FALSE
269394	284	S3017_1	.	11040	.	.	272052	258354	FALSE
269917	202	S3017_1	.	11563	.	.	272052	258354	FALSE
270137	216	S3017_1	.	11783	.	.	272052	258354	FALSE
270391	113	S3017_1	.	12037	.	.	272052	258354	FALSE
270520	378	S3017_1	.	12166	.	.	272052	258354	FALSE
270917	244	S3017_1	.	12563	.	.	272052	258354	FALSE
271386	151	S3017_1	.	13032	.	.	272052	258354	FALSE
271560	275	S3017_1	.	13206	.	.	272052	258354	FALSE
271867	207	S3017_1	.	13513	.	.	272052	258354	FALSE
272093	293	S3017_1	.	13739	.	.	272052	258354	FALSE
272401	230	S3017_1	.	14047	.	.	272052	258354	FALSE
#VALUE!	79	S3017_1	.	7	.	.	.	.	FALSE
272988	206	S3017_1	.	0	.	.	284584	272988	FALSE
273214	209	S3017_1	24	226	.	.	284584	272988	FALSE
273442	507	S3017_1	8	454	.	.	284584	272988	FALSE
273968	208	S3017_1	10	980	.	.	284584	272988	FALSE
274190	223	S3017_1	10	1202	.	.	284584	272988	FALSE
274439	315	S3017_1	13	1451	.	.	284584	272988	FALSE
274790	337	S3017_1	17	1802	.	.	284584	272988	FALSE
275149	388	S3017_1	18	2161	.	.	284584	272988	FALSE
275558	227	S3017_1	19	2570	.	.	284584	272988	FALSE
275802	238	S3017_1	20	2814	.	.	284584	272988	FALSE
276057	150	S3017_1	.	3069	.	.	284584	272988	FALSE
276244	350	S3017_1	25	3256	.	.	284584	272988	FALSE
276614	122	S3017_1	24	3626	.	.	284584	272988	FALSE
276953	173	S3017_1	.	3965	.	.	284584	272988	FALSE
277145	342	S3017_1	.	4157	.	.	284584	272988	FALSE
277506	242	S3017_1	.	4518	.	.	284584	272988	FALSE
277763	93	S3017_1	24	4775	.	.	284584	272988	FALSE
278110	339	S3017_1	.	5122	.	.	284584	272988	FALSE
278461	374	S3017_1	24	5473	.	.	284584	272988	FALSE
278854	320	S3017_1	25	5866	.	.	284584	272988	FALSE
279416	177	S3017_1	.	6428	.	.	284584	272988	FALSE
279604	410	S3017_1	24	6616	.	.	284584	272988	FALSE
280034	206	S3017_1	25	7046	.	.	284584	272988	FALSE
280259	580	S3017_1	24	7271	.	.	284584	272988	FALSE
280864	176	S3017_1	26	7876	.	.	284584	272988	FALSE
281057	192	S3017_1	25	8069	.	.	284584	272988	FALSE
281273	209	S3017_1	26	8285	.	.	284584	272988	FALSE
281492	201	S3017_1	26	8504	.	.	284584	272988	FALSE
281715	346	S3017_1	27	8727	.	.	284584	272988	FALSE
282098	305	S3017_1	24	9110	.	.	284584	272988	FALSE
282430	182	S3017_1	.	9442	.	.	284584	272988	FALSE
282630	170	S3017_1	.	9642	.	.	284584	272988	FALSE
282816	102	S3017_1	.	9828	.	.	284584	272988	FALSE
282946	271	S3017_1	26	9958	.	.	284584	272988	FALSE
283239	206	S3017_1	27	10251	.	.	284584	272988	FALSE
283475	228	S3017_1	.	10487	.	.	284584	272988	FALSE
283731	287	S3017_1	.	10743	.	.	284584	272988	FALSE
284041	226	S3017_1	.	11053	.	.	284584	272988	FALSE
284298	302	S3017_1	.	11310	.	.	284584	272988	FALSE
284642	224	S3017_1	24	11654	.	.	284584	272988	FALSE
284876	124	S3017_1	17	11888	.	.	284584	272988	FALSE
285021	131	S3017_1	.	12033	.	.	284584	272988	FALSE
#VALUE!	50	S3017_1	.	40	.	.	.	.	FALSE
286071	338	S3017_1	.	0	.	.	298819	286071	FALSE
286432	217	S3017_1	18	361	.	.	298819	286071	FALSE
286685	94	S3017_1	12	614	.	.	298819	286071	FALSE
286807	322	S3017_1	11	736	.	.	298819	286071	FALSE
287145	257	S3017_1	10	1074	.	.	298819	286071	FALSE
287422	272	S3017_1	11	1351	.	.	298819	286071	FALSE
287716	339	S3017_1	12	1645	.	.	298819	286071	FALSE
288074	344	S3017_1	13	2003	.	.	298819	286071	FALSE
288430	242	S3017_1	13	2359	.	.	298819	286071	FALSE
288692	311	S3017_1	14	2621	.	.	298819	286071	FALSE
289020	197	S3017_1	15	2949	.	.	298819	286071	FALSE
289230	234	S3017_1	15	3159	.	.	298819	286071	FALSE
289486	329	S3017_1	.	3415	.	.	298819	286071	FALSE
289833	216	S3017_1	.	3762	.	.	298819	286071	FALSE
290070	194	S3017_1	15	3999	.	.	298819	286071	FALSE
290294	221	S3017_1	12	4223	.	.	298819	286071	FALSE
290542	333	S3017_1	11	4471	.	.	298819	286071	FALSE
290897	454	S3017_1	12	4826	.	.	298819	286071	FALSE
291369	282	S3017_1	20	5298	.	.	298819	286071	FALSE
291662	214	S3017_1	21	5591	.	.	298819	286071	FALSE
291897	393	S3017_1	22	5826	.	.	298819	286071	FALSE
292309	100	S3017_1	22	6238	.	.	298819	286071	FALSE
292449	304	S3017_1	19	6378	.	.	298819	286071	FALSE
292764	159	S3017_1	19	6693	.	.	298819	286071	FALSE
292948	94	S3017_1	20	6877	.	.	298819	286071	FALSE
293255	92	S3017_1	.	7184	.	.	298819	286071	FALSE
293369	288	S3017_1	.	7298	.	.	298819	286071	FALSE
293675	272	S3017_1	.	7604	.	.	298819	286071	FALSE
293960	222	S3017_1	22	7889	.	.	298819	286071	FALSE
294203	226	S3017_1	28	8132	.	.	298819	286071	FALSE
294451	401	S3017_1	.	8380	.	.	298819	286071	FALSE
294878	125	S3017_1	.	8807	.	.	298819	286071	FALSE
295012	188	S3017_1	.	8941	.	.	298819	286071	FALSE
295210	665	S3017_1	.	9139	.	.	298819	286071	FALSE
295912	330	S3017_1	.	9841	.	.	298819	286071	FALSE
296262	337	S3017_1	.	10191	.	.	298819	286071	FALSE
296612	214	S3017_1	.	10541	.	.	298819	286071	FALSE
296843	280	S3017_1	.	10772	.	.	298819	286071	FALSE
297140	284	S3017_1	.	11069	.	.	298819	286071	FALSE
297449	199	S3017_1	28	11378	.	.	298819	286071	FALSE
297670	232	S3017_1	.	11599	.	.	298819	286071	FALSE
297946	324	S3017_1	25	11875	.	.	298819	286071	FALSE
298277	93	S3017_1	25	12206	.	.	298819	286071	FALSE
298602	789	S3017_1	.	12531	.	.	298819	286071	FALSE
#VALUE!	54	S3017_1	.	36	.	.	.	.	FALSE
300304	327	S3017_1	.	0	.	.	321288	300304	FALSE
300661	225	S3017_1	7	357	.	.	321288	300304	FALSE
300912	137	S3017_1	8	608	.	.	321288	300304	FALSE
301071	291	S3017_1	7	767	.	.	321288	300304	FALSE
301374	241	S3017_1	7	1070	.	.	321288	300304	FALSE
301639	226	S3017_1	8	1335	.	.	321288	300304	FALSE
301882	280	S3017_1	9	1578	.	.	321288	300304	FALSE
302178	171	S3017_1	9	1874	.	.	321288	300304	FALSE
302372	134	S3017_1	9	2068	.	.	321288	300304	FALSE
302528	264	S3017_1	7	2224	.	.	321288	300304	FALSE
302806	209	S3017_1	8	2502	.	.	321288	300304	FALSE
303038	306	S3017_1	9	2734	.	.	321288	300304	FALSE
303361	738	S3017_1	9	3057	.	.	321288	300304	FALSE
304125	506	S3017_1	12	3821	.	.	321288	300304	FALSE
304653	273	S3017_1	14	4349	.	.	321288	300304	FALSE
304944	182	S3017_1	14	4640	.	.	321288	300304	FALSE
305156	270	S3017_1	17	4852	.	.	321288	300304	FALSE
305445	303	S3017_1	18	5141	.	.	321288	300304	FALSE
305766	139	S3017_1	.	5462	.	.	321288	300304	FALSE
305928	249	S3017_1	.	5624	.	.	321288	300304	FALSE
306205	254	S3017_1	19	5901	.	.	321288	300304	FALSE
306471	227	S3017_1	19	6167	.	.	321288	300304	FALSE
306709	372	S3017_1	18	6405	.	.	321288	300304	FALSE
307117	111	S3017_1	.	6813	.	.	321288	300304	FALSE
307240	232	S3017_1	.	6936	.	.	321288	300304	FALSE
307491	293	S3017_1	.	7187	.	.	321288	300304	FALSE
307802	157	S3017_1	.	7498	.	.	321288	300304	FALSE
307985	224	S3017_1	.	7681	.	.	321288	300304	FALSE
308229	256	S3017_1	.	7925	.	.	321288	300304	FALSE
308502	245	S3017_1	.	8198	.	.	321288	300304	FALSE
308769	398	S3017_1	.	8465	.	.	321288	300304	FALSE
309213	213	S3017_1	.	8909	.	.	321288	300304	FALSE
309461	135	S3017_1	13	9157	.	.	321288	300304	FALSE
309619	263	S3017_1	7	9315	.	.	321288	300304	FALSE
309897	237	S3017_1	7	9593	.	.	321288	300304	FALSE
310172	142	S3017_1	.	9868	.	.	321288	300304	FALSE
310330	281	S3017_1	.	10026	.	.	321288	300304	FALSE
310634	478	S3017_1	.	10330	.	.	321288	300304	FALSE
311140	237	S3017_1	.	10836	.	.	321288	300304	FALSE
311386	271	S3017_1	.	11082	.	.	321288	300304	FALSE
311853	274	S3017_1	.	11549	.	.	321288	300304	FALSE
312170	362	S3017_1	.	11866	.	.	321288	300304	FALSE
312551	134	S3017_1	.	12247	.	.	321288	300304	FALSE
312712	283	S3017_1	.	12408	.	.	321288	300304	FALSE
313020	129	S3017_1	.	12716	.	.	321288	300304	FALSE
313181	274	S3017_1	.	12877	.	.	321288	300304	FALSE
313461	439	S3017_1	.	13157	.	.	321288	300304	FALSE
313908	260	S3017_1	.	13604	.	.	321288	300304	FALSE
314189	470	S3017_1	.	13885	.	.	321288	300304	FALSE
314700	419	S3017_1	.	14396	.	.	321288	300304	FALSE
315128	177	S3017_1	18	14824	.	.	321288	300304	FALSE
315323	496	S3017_1	17	15019	.	.	321288	300304	FALSE
315837	297	S3017_1	18	15533	.	.	321288	300304	FALSE
316153	296	S3017_1	19	15849	.	.	321288	300304	FALSE
316467	395	S3017_1	19	16163	.	.	321288	300304	FALSE
316901	363	S3017_1	12	16597	.	.	321288	300304	FALSE
317272	370	S3017_1	13	16968	.	.	321288	300304	FALSE
317665	604	S3017_1	14	17361	.	.	321288	300304	FALSE
318283	286	S3017_1	14	17979	.	.	321288	300304	FALSE
318586	160	S3017_1	14	18282	.	.	321288	300304	FALSE
318978	56	S3017_1	.	18674	.	.	321288	300304	FALSE
319218	112	S3017_1	17	18914	.	.	321288	300304	FALSE
319338	412	S3017_1	12	19034	.	.	321288	300304	FALSE
319782	91	S3017_1	.	19478	.	.	321288	300304	FALSE
319892	261	S3017_1	.	19588	.	.	321288	300304	FALSE
320174	218	S3017_1	17	19870	.	.	321288	300304	FALSE
320429	429	S3017_1	7	20125	.	.	321288	300304	FALSE
320901	71	S3017_1	.	20597	.	.	321288	300304	FALSE
320995	170	S3017_1	.	20691	.	.	321288	300304	FALSE
321175	278	S3017_1	.	20871	.	.	321288	300304	FALSE
321473	327	S3017_1	.	21169	.	.	321288	300304	FALSE
321822	37	S3017_1	.	21518	.	.	321288	300304	FALSE
#VALUE!	144	S3017_1	.	7	.	.	.	.	FALSE
322320	284	S3017_1	.	0	.	.	327821	322320	FALSE
322647	262	S3017_1	7	327	.	.	327821	322320	FALSE
322929	157	S3017_1	7	609	.	.	327821	322320	FALSE
323107	279	S3017_1	7	787	.	.	327821	322320	FALSE
323405	173	S3017_1	8	1085	.	.	327821	322320	FALSE
323601	395	S3017_1	9	1281	.	.	327821	322320	FALSE
324016	192	S3017_1	.	1696	.	.	327821	322320	FALSE
324253	106	S3017_1	16	1933	.	.	327821	322320	FALSE
324377	262	S3017_1	11	2057	.	.	327821	322320	FALSE
324657	229	S3017_1	17	2337	.	.	327821	322320	FALSE
324901	74	S3017_1	16	2581	.	.	327821	322320	FALSE
325002	441	S3017_1	18	2682	.	.	327821	322320	FALSE
325451	170	S3017_1	18	3131	.	.	327821	322320	FALSE
325643	148	S3017_1	16	3323	.	.	327821	322320	FALSE
326021	257	S3017_1	.	3701	.	.	327821	322320	FALSE
326300	277	S3017_1	18	3980	.	.	327821	322320	FALSE
326599	305	S3017_1	16	4279	.	.	327821	322320	FALSE
327162	371	S3017_1	.	4842	.	.	327821	322320	FALSE
327552	191	S3017_1	.	5232	.	.	327821	322320	FALSE
327761	213	S3017_1	.	5441	.	.	327821	322320	FALSE
327995	137	S3017_1	.	5675	.	.	327821	322320	FALSE
328170	224	S3017_1	7	5850	.	.	327821	322320	FALSE
#VALUE!	81	S3017_1	.	7	.	.	.	.	FALSE
329270	95	S3017_1	15	0	.	.	339480	329270	FALSE
329384	289	S3017_1	16	114	.	.	339480	329270	FALSE
329703	453	S3017_1	2	433	.	.	339480	329270	FALSE
330167	55	S3017_1	2	897	.	.	339480	329270	FALSE
330446	167	S3017_1	6	1176	.	.	339480	329270	FALSE
330626	304	S3017_1	6	1356	.	.	339480	329270	FALSE
330945	484	S3017_1	6	1675	.	.	339480	329270	FALSE
331444	93	S3017_1	6	2174	.	.	339480	329270	FALSE
331559	185	S3017_1	6	2289	.	.	339480	329270	FALSE
331752	252	S3017_1	6	2482	.	.	339480	329270	FALSE
332024	407	S3017_1	7	2754	.	.	339480	329270	FALSE
332456	368	S3017_1	6	3186	.	.	339480	329270	FALSE
332837	107	S3017_1	7	3567	.	.	339480	329270	FALSE
332969	282	S3017_1	9	3699	.	.	339480	329270	FALSE
333277	223	S3017_1	14	4007	.	.	339480	329270	FALSE
333515	148	S3017_1	14	4245	.	.	339480	329270	FALSE
333682	371	S3017_1	16	4412	.	.	339480	329270	FALSE
334070	404	S3017_1	16	4800	.	.	339480	329270	FALSE
334513	296	S3017_1	6	5243	.	.	339480	329270	FALSE
334816	659	S3017_1	6	5546	.	.	339480	329270	FALSE
335482	120	S3017_1	6	6212	.	.	339480	329270	FALSE
335613	388	S3017_1	6	6343	.	.	339480	329270	FALSE
336043	245	S3017_1	18	6773	.	.	339480	329270	FALSE
336309	332	S3017_1	18	7039	.	.	339480	329270	FALSE
336658	226	S3017_1	18	7388	.	.	339480	329270	FALSE
336922	250	S3017_1	15	7652	.	.	339480	329270	FALSE
337194	280	S3017_1	14	7924	.	.	339480	329270	FALSE
337499	332	S3017_1	16	8229	.	.	339480	329270	FALSE
337848	244	S3017_1	17	8578	.	.	339480	329270	FALSE
338114	404	S3017_1	18	8844	.	.	339480	329270	FALSE
338557	310	S3017_1	14	9287	.	.	339480	329270	FALSE
338889	364	S3017_1	.	9619	.	.	339480	329270	FALSE
339283	262	S3017_1	21	10013	.	.	339480	329270	FALSE
339569	301	S3017_1	22	10299	.	.	339480	329270	FALSE
339898	148	S3017_1	6	10628	.	.	339480	329270	FALSE
341009	222	S3017_1	13	56	.	.	348748	340953	FALSE
341256	154	S3017_1	8	303	.	.	348748	340953	FALSE
341456	240	S3017_1	2	503	.	.	348748	340953	FALSE
341715	228	S3017_1	1	762	.	.	348748	340953	FALSE
341963	205	S3017_1	1	1010	.	.	348748	340953	FALSE
342189	271	S3017_1	3	1236	.	.	348748	340953	FALSE
342479	97	S3017_1	.	1526	.	.	348748	340953	FALSE
342800	55	S3017_1	.	1847	.	.	348748	340953	FALSE
342873	363	S3017_1	.	1920	.	.	348748	340953	FALSE
343258	355	S3017_1	.	2305	.	.	348748	340953	FALSE
343638	521	S3017_1	.	2685	.	.	348748	340953	FALSE
344167	191	S3017_1	.	3214	.	.	348748	340953	FALSE
344395	245	S3017_1	.	3442	.	.	348748	340953	FALSE
344656	288	S3017_1	.	3703	.	.	348748	340953	FALSE
344967	283	S3017_1	.	4014	.	.	348748	340953	FALSE
345258	167	S3017_1	.	4305	.	.	348748	340953	FALSE
345446	134	S3017_1	10	4493	.	.	348748	340953	FALSE
345828	235	S3017_1	.	4875	.	.	348748	340953	FALSE
346077	332	S3017_1	.	5124	.	.	348748	340953	FALSE
346444	295	S3017_1	.	5491	.	.	348748	340953	FALSE
346752	322	S3017_1	10	5799	.	.	348748	340953	FALSE
347346	271	S3017_1	13	6393	.	.	348748	340953	FALSE
347635	423	S3017_1	.	6682	.	.	348748	340953	FALSE
348086	146	S3017_1	.	7133	.	.	348748	340953	FALSE
348238	182	S3017_1	.	7285	.	.	348748	340953	FALSE
348437	306	S3017_1	.	7484	.	.	348748	340953	FALSE
348768	549	S3017_1	10	7815	.	.	348748	340953	FALSE
#VALUE!	79	S3017_1	.	7	.	.	.	.	FALSE
349686	425	S3017_1	20	0	.	.	362099	349686	FALSE
350131	315	S3017_1	.	445	.	.	362099	349686	FALSE
350466	376	S3017_1	10	780	.	.	362099	349686	FALSE
350858	188	S3017_1	10	1172	.	.	362099	349686	FALSE
351066	351	S3017_1	11	1380	.	.	362099	349686	FALSE
351440	238	S3017_1	12	1754	.	.	362099	349686	FALSE
351704	424	S3017_1	14	2018	.	.	362099	349686	FALSE
352152	212	S3017_1	.	2466	.	.	362099	349686	FALSE
352404	99	S3017_1	3	2718	.	.	362099	349686	FALSE
352526	140	S3017_1	2	2840	.	.	362099	349686	FALSE
352688	155	S3017_1	2	3002	.	.	362099	349686	FALSE
352890	259	S3017_1	17	3204	.	.	362099	349686	FALSE
353168	250	S3017_1	16	3482	.	.	362099	349686	FALSE
353439	146	S3017_1	15	3753	.	.	362099	349686	FALSE
353619	415	S3017_1	.	3933	.	.	362099	349686	FALSE
354054	310	S3017_1	.	4368	.	.	362099	349686	FALSE
354412	145	S3017_1	20	4726	.	.	362099	349686	FALSE
354566	219	S3017_1	20	4880	.	.	362099	349686	FALSE
354810	283	S3017_1	21	5124	.	.	362099	349686	FALSE
355115	267	S3017_1	21	5429	.	.	362099	349686	FALSE
355406	221	S3017_1	23	5720	.	.	362099	349686	FALSE
355651	337	S3017_1	23	5965	.	.	362099	349686	FALSE
356031	153	S3017_1	30	6345	.	.	362099	349686	FALSE
356204	259	S3017_1	21	6518	.	.	362099	349686	FALSE
356484	367	S3017_1	32	6798	.	.	362099	349686	FALSE
356876	273	S3017_1	33	7190	.	.	362099	349686	FALSE
357171	277	S3017_1	35	7485	.	.	362099	349686	FALSE
357471	325	S3017_1	36	7785	.	.	362099	349686	FALSE
357819	136	S3017_1	.	8133	.	.	362099	349686	FALSE
357964	121	S3017_1	.	8278	.	.	362099	349686	FALSE
358105	292	S3017_1	36	8419	.	.	362099	349686	FALSE
358418	234	S3017_1	.	8732	.	.	362099	349686	FALSE
358673	302	S3017_1	.	8987	.	.	362099	349686	FALSE
358991	242	S3017_1	.	9305	.	.	362099	349686	FALSE
359267	179	S3017_1	.	9581	.	.	362099	349686	FALSE
359466	96	S3017_1	.	9780	.	.	362099	349686	FALSE
359617	281	S3017_1	.	9931	.	.	362099	349686	FALSE
359914	248	S3017_1	30	10228	.	.	362099	349686	FALSE
360185	225	S3017_1	31	10499	.	.	362099	349686	FALSE
360432	192	S3017_1	.	10746	.	.	362099	349686	FALSE
360649	265	S3017_1	.	10963	.	.	362099	349686	FALSE
360925	204	S3017_1	.	11239	.	.	362099	349686	FALSE
361154	342	S3017_1	.	11468	.	.	362099	349686	FALSE
361520	149	S3017_1	.	11834	.	.	362099	349686	FALSE
361680	245	S3017_1	.	11994	.	.	362099	349686	FALSE
361972	180	S3017_1	.	12286	.	.	362099	349686	FALSE
362171	124	S3017_1	.	12485	.	.	362099	349686	FALSE
362551	115	S3017_1	.	12865	.	.	362099	349686	FALSE
#VALUE!	78	S3017_1	.	7	.	.	.	.	FALSE
363119	97	S3017_1	.	0	.	.	369446	363119	FALSE
363242	336	S3017_1	.	123	.	.	369446	363119	FALSE
363609	248	S3017_1	11	490	.	.	369446	363119	FALSE
363878	286	S3017_1	.	759	.	.	369446	363119	FALSE
364170	183	S3017_1	.	1051	.	.	369446	363119	FALSE
364376	387	S3017_1	.	1257	.	.	369446	363119	FALSE
364787	292	S3017_1	.	1668	.	.	369446	363119	FALSE
365088	250	S3017_1	.	1969	.	.	369446	363119	FALSE
365359	429	S3017_1	.	2240	.	.	369446	363119	FALSE
365813	149	S3017_1	.	2694	.	.	369446	363119	FALSE
365985	265	S3017_1	.	2866	.	.	369446	363119	FALSE
366272	165	S3017_1	.	3153	.	.	369446	363119	FALSE
366462	132	S3017_1	.	3343	.	.	369446	363119	FALSE
366619	255	S3017_1	.	3500	.	.	369446	363119	FALSE
366895	230	S3017_1	.	3776	.	.	369446	363119	FALSE
367149	154	S3017_1	.	4030	.	.	369446	363119	FALSE
367311	185	S3017_1	.	4192	.	.	369446	363119	FALSE
367545	308	S3017_1	.	4426	.	.	369446	363119	FALSE
368101	92	S3017_1	.	4982	.	.	369446	363119	FALSE
368209	248	S3017_1	.	5090	.	.	369446	363119	FALSE
368529	259	S3017_1	.	5410	.	.	369446	363119	FALSE
368800	469	S3017_1	.	5681	.	.	369446	363119	FALSE
369287	211	S3017_1	.	6168	.	.	369446	363119	FALSE
369518	245	S3017_1	.	6399	.	.	369446	363119	FALSE
369770	217	S3017_1	.	6651	.	.	369446	363119	FALSE
#VALUE!	81	S3017_1	.	7	.	.	.	.	FALSE
370386	116	S3017_1	.	0	.	.	383267	370386	FALSE
370518	274	S3017_1	30	132	.	.	383267	370386	FALSE
370816	283	S3017_1	15	430	.	.	383267	370386	FALSE
371121	343	S3017_1	.	735	.	.	383267	370386	FALSE
371484	206	S3017_1	2	1098	.	.	383267	370386	FALSE
371714	153	S3017_1	.	1328	.	.	383267	370386	FALSE
372083	112	S3017_1	24	1697	.	.	383267	370386	FALSE
372204	168	S3017_1	15	1818	.	.	383267	370386	FALSE
372394	458	S3017_1	16	2008	.	.	383267	370386	FALSE
372875	191	S3017_1	16	2489	.	.	383267	370386	FALSE
373089	241	S3017_1	15	2703	.	.	383267	370386	FALSE
373355	632	S3017_1	16	2969	.	.	383267	370386	FALSE
374006	220	S3017_1	17	3620	.	.	383267	370386	FALSE
374248	268	S3017_1	18	3862	.	.	383267	370386	FALSE
374537	200	S3017_1	19	4151	.	.	383267	370386	FALSE
374759	250	S3017_1	.	4373	.	.	383267	370386	FALSE
375034	224	S3017_1	.	4648	.	.	383267	370386	FALSE
375315	438	S3017_1	22	4929	.	.	383267	370386	FALSE
375775	360	S3017_1	23	5389	.	.	383267	370386	FALSE
376143	129	S3017_1	23	5757	.	.	383267	370386	FALSE
376300	385	S3017_1	25	5914	.	.	383267	370386	FALSE
376716	198	S3017_1	.	6330	.	.	383267	370386	FALSE
376930	142	S3017_1	27	6544	.	.	383267	370386	FALSE
377096	259	S3017_1	.	6710	.	.	383267	370386	FALSE
377401	223	S3017_1	31	7015	.	.	383267	370386	FALSE
377647	284	S3017_1	30	7261	.	.	383267	370386	FALSE
377962	267	S3017_1	24	7576	.	.	383267	370386	FALSE
378246	455	S3017_1	24	7860	.	.	383267	370386	FALSE
378738	128	S3017_1	30	8352	.	.	383267	370386	FALSE
378878	221	S3017_1	30	8492	.	.	383267	370386	FALSE
379121	259	S3017_1	31	8735	.	.	383267	370386	FALSE
379401	101	S3017_1	30	9015	.	.	383267	370386	FALSE
379534	376	S3017_1	32	9148	.	.	383267	370386	FALSE
379943	192	S3017_1	.	9557	.	.	383267	370386	FALSE
380157	208	S3017_1	.	9771	.	.	383267	370386	FALSE
380388	406	S3017_1	.	10002	.	.	383267	370386	FALSE
380817	304	S3017_1	.	10431	.	.	383267	370386	FALSE
381142	371	S3017_1	.	10756	.	.	383267	370386	FALSE
381556	209	S3017_1	22	11170	.	.	383267	370386	FALSE
381784	191	S3017_1	21	11398	.	.	383267	370386	FALSE
382022	281	S3017_1	34	11636	.	.	383267	370386	FALSE
382314	224	S3017_1	.	11928	.	.	383267	370386	FALSE
382561	305	S3017_1	.	12175	.	.	383267	370386	FALSE
382908	344	S3017_1	22	12522	.	.	383267	370386	FALSE
383263	400	S3017_1	22	12877	.	.	383267	370386	FALSE
383683	159	S3017_1	22	13297	.	.	383267	370386	FALSE